Province,Confirmed,Deaths,Recovered,Latitude,Longitude,Date
Anhui,1,0,0,32,117,22-01-2020
Anhui,9,0,0,32,117,23-01-2020
Anhui,15,0,0,32,117,24-01-2020
Anhui,39,0,0,32,117,25-01-2020
Anhui,60,0,0,32,117,26-01-2020
Anhui,70,0,0,32,117,27-01-2020
Anhui,106,0,0,32,117,28-01-2020
Anhui,152,0,2,32,117,29-01-2020
Anhui,200,0,2,32,117,30-01-2020
Anhui,237,0,3,32,117,31-01-2020
Anhui,297,0,5,32,117,01-02-2020
Anhui,340,0,7,32,117,02-02-2020
Anhui,408,0,14,32,117,03-02-2020
Anhui,480,0,20,32,117,04-02-2020
Anhui,530,0,23,32,117,05-02-2020
Anhui,591,0,34,32,117,06-02-2020
Anhui,665,0,47,32,117,07-02-2020
Anhui,733,0,59,32,117,08-02-2020
Anhui,779,1,72,32,117,09-02-2020
Anhui,830,3,88,32,117,10-02-2020
Anhui,860,4,105,32,117,11-02-2020
Anhui,889,4,127,32,117,12-02-2020
Anhui,910,5,157,32,117,13-02-2020
Anhui,934,6,193,32,117,14-02-2020
Anhui,950,6,221,32,117,15-02-2020
Anhui,962,6,255,32,117,16-02-2020
Anhui,973,6,280,32,117,17-02-2020
Anhui,982,6,361,32,117,18-02-2020
Anhui,986,6,413,32,117,19-02-2020
Anhui,987,6,474,32,117,20-02-2020
Anhui,988,6,539,32,117,21-02-2020
Anhui,989,6,597,32,117,22-02-2020
Anhui,989,6,637,32,117,23-02-2020
Anhui,989,6,663,32,117,24-02-2020
Anhui,989,6,712,32,117,25-02-2020
Anhui,989,6,744,32,117,26-02-2020
Anhui,989,6,792,32,117,27-02-2020
Anhui,990,6,821,32,117,28-02-2020
Anhui,990,6,868,32,117,29-02-2020
Anhui,990,6,873,32,117,01-03-2020
Anhui,990,6,917,32,117,02-03-2020
Anhui,990,6,936,32,117,03-03-2020
Anhui,990,6,956,32,117,04-03-2020
Anhui,990,6,970,32,117,05-03-2020
Anhui,990,6,979,32,117,06-03-2020
Anhui,990,6,979,32,117,07-03-2020
Anhui,990,6,984,32,117,08-03-2020
Anhui,990,6,984,32,117,09-03-2020
Anhui,990,6,984,32,117,10-03-2020
Anhui,990,6,984,32,117,11-03-2020
Anhui,990,6,984,32,117,12-03-2020
Anhui,990,6,984,32,117,13-03-2020
Anhui,990,6,984,32,117,14-03-2020
Anhui,990,6,984,32,117,15-03-2020
Beijing,14,0,0,39.906217,116.3912757,22-01-2020
Beijing,22,0,0,39.906217,116.3912757,23-01-2020
Beijing,36,0,1,39.906217,116.3912757,24-01-2020
Beijing,41,0,2,39.906217,116.3912757,25-01-2020
Beijing,68,0,2,39.906217,116.3912757,26-01-2020
Beijing,80,1,2,39.906217,116.3912757,27-01-2020
Beijing,91,1,4,39.906217,116.3912757,28-01-2020
Beijing,111,1,4,39.906217,116.3912757,29-01-2020
Beijing,114,1,4,39.906217,116.3912757,30-01-2020
Beijing,139,1,5,39.906217,116.3912757,31-01-2020
Beijing,168,1,9,39.906217,116.3912757,01-02-2020
Beijing,191,1,9,39.906217,116.3912757,02-02-2020
Beijing,212,1,12,39.906217,116.3912757,03-02-2020
Beijing,228,1,23,39.906217,116.3912757,04-02-2020
Beijing,253,1,24,39.906217,116.3912757,05-02-2020
Beijing,274,1,31,39.906217,116.3912757,06-02-2020
Beijing,297,1,33,39.906217,116.3912757,07-02-2020
Beijing,315,2,34,39.906217,116.3912757,08-02-2020
Beijing,326,2,37,39.906217,116.3912757,09-02-2020
Beijing,337,2,44,39.906217,116.3912757,10-02-2020
Beijing,342,3,48,39.906217,116.3912757,11-02-2020
Beijing,352,3,56,39.906217,116.3912757,12-02-2020
Beijing,366,3,69,39.906217,116.3912757,13-02-2020
Beijing,372,3,80,39.906217,116.3912757,14-02-2020
Beijing,375,4,98,39.906217,116.3912757,15-02-2020
Beijing,380,4,108,39.906217,116.3912757,16-02-2020
Beijing,381,4,114,39.906217,116.3912757,17-02-2020
Beijing,387,4,122,39.906217,116.3912757,18-02-2020
Beijing,393,4,145,39.906217,116.3912757,19-02-2020
Beijing,395,4,153,39.906217,116.3912757,20-02-2020
Beijing,396,4,169,39.906217,116.3912757,21-02-2020
Beijing,399,4,178,39.906217,116.3912757,22-02-2020
Beijing,399,4,189,39.906217,116.3912757,23-02-2020
Beijing,399,4,198,39.906217,116.3912757,24-02-2020
Beijing,400,4,215,39.906217,116.3912757,25-02-2020
Beijing,400,4,235,39.906217,116.3912757,26-02-2020
Beijing,410,5,248,39.906217,116.3912757,27-02-2020
Beijing,410,7,257,39.906217,116.3912757,28-02-2020
Beijing,411,8,271,39.906217,116.3912757,29-02-2020
Beijing,413,8,276,39.906217,116.3912757,01-03-2020
Beijing,414,8,282,39.906217,116.3912757,02-03-2020
Beijing,414,8,288,39.906217,116.3912757,03-03-2020
Beijing,418,8,297,39.906217,116.3912757,04-03-2020
Beijing,418,8,297,39.906217,116.3912757,05-03-2020
Beijing,422,8,299,39.906217,116.3912757,06-03-2020
Beijing,426,8,303,39.906217,116.3912757,07-03-2020
Beijing,428,8,308,39.906217,116.3912757,08-03-2020
Beijing,428,8,315,39.906217,116.3912757,09-03-2020
Beijing,429,8,320,39.906217,116.3912757,10-03-2020
Beijing,435,8,326,39.906217,116.3912757,11-03-2020
Beijing,435,8,334,39.906217,116.3912757,12-03-2020
Beijing,436,8,342,39.906217,116.3912757,13-03-2020
Beijing,437,8,349,39.906217,116.3912757,14-03-2020
Beijing,442,8,353,39.906217,116.3912757,15-03-2020
Chongqing,6,0,0,29.5585712,106.5492822,22-01-2020
Chongqing,9,0,0,29.5585712,106.5492822,23-01-2020
Chongqing,27,0,0,29.5585712,106.5492822,24-01-2020
Chongqing,57,0,0,29.5585712,106.5492822,25-01-2020
Chongqing,75,0,0,29.5585712,106.5492822,26-01-2020
Chongqing,110,0,0,29.5585712,106.5492822,27-01-2020
Chongqing,132,0,0,29.5585712,106.5492822,28-01-2020
Chongqing,147,0,1,29.5585712,106.5492822,29-01-2020
Chongqing,182,0,1,29.5585712,106.5492822,30-01-2020
Chongqing,211,0,1,29.5585712,106.5492822,31-01-2020
Chongqing,247,1,3,29.5585712,106.5492822,01-02-2020
Chongqing,300,2,7,29.5585712,106.5492822,02-02-2020
Chongqing,337,2,9,29.5585712,106.5492822,03-02-2020
Chongqing,366,2,9,29.5585712,106.5492822,04-02-2020
Chongqing,389,2,15,29.5585712,106.5492822,05-02-2020
Chongqing,411,2,24,29.5585712,106.5492822,06-02-2020
Chongqing,426,2,31,29.5585712,106.5492822,07-02-2020
Chongqing,428,2,39,29.5585712,106.5492822,08-02-2020
Chongqing,468,2,51,29.5585712,106.5492822,09-02-2020
Chongqing,486,2,66,29.5585712,106.5492822,10-02-2020
Chongqing,505,3,79,29.5585712,106.5492822,11-02-2020
Chongqing,518,3,102,29.5585712,106.5492822,12-02-2020
Chongqing,529,4,128,29.5585712,106.5492822,13-02-2020
Chongqing,537,5,152,29.5585712,106.5492822,14-02-2020
Chongqing,544,5,184,29.5585712,106.5492822,15-02-2020
Chongqing,551,5,207,29.5585712,106.5492822,16-02-2020
Chongqing,553,5,225,29.5585712,106.5492822,17-02-2020
Chongqing,555,5,254,29.5585712,106.5492822,18-02-2020
Chongqing,560,5,274,29.5585712,106.5492822,19-02-2020
Chongqing,567,6,299,29.5585712,106.5492822,20-02-2020
Chongqing,572,6,316,29.5585712,106.5492822,21-02-2020
Chongqing,573,6,328,29.5585712,106.5492822,22-02-2020
Chongqing,575,6,335,29.5585712,106.5492822,23-02-2020
Chongqing,576,6,349,29.5585712,106.5492822,24-02-2020
Chongqing,576,6,372,29.5585712,106.5492822,25-02-2020
Chongqing,576,6,384,29.5585712,106.5492822,26-02-2020
Chongqing,576,6,401,29.5585712,106.5492822,27-02-2020
Chongqing,576,6,422,29.5585712,106.5492822,28-02-2020
Chongqing,576,6,438,29.5585712,106.5492822,29-02-2020
Chongqing,576,6,450,29.5585712,106.5492822,01-03-2020
Chongqing,576,6,469,29.5585712,106.5492822,02-03-2020
Chongqing,576,6,490,29.5585712,106.5492822,03-03-2020
Chongqing,576,6,502,29.5585712,106.5492822,04-03-2020
Chongqing,576,6,512,29.5585712,106.5492822,05-03-2020
Chongqing,576,6,513,29.5585712,106.5492822,06-03-2020
Chongqing,576,6,526,29.5585712,106.5492822,07-03-2020
Chongqing,576,6,527,29.5585712,106.5492822,08-03-2020
Chongqing,576,6,542,29.5585712,106.5492822,09-03-2020
Chongqing,576,6,547,29.5585712,106.5492822,10-03-2020
Chongqing,576,6,554,29.5585712,106.5492822,11-03-2020
Chongqing,576,6,564,29.5585712,106.5492822,12-03-2020
Chongqing,576,6,566,29.5585712,106.5492822,13-03-2020
Chongqing,576,6,569,29.5585712,106.5492822,14-03-2020
Chongqing,576,6,570,29.5585712,106.5492822,15-03-2020
Fujian,1,0,0,26.5450001,117.842778,22-01-2020
Fujian,5,0,0,26.5450001,117.842778,23-01-2020
Fujian,10,0,0,26.5450001,117.842778,24-01-2020
Fujian,18,0,0,26.5450001,117.842778,25-01-2020
Fujian,35,0,0,26.5450001,117.842778,26-01-2020
Fujian,59,0,0,26.5450001,117.842778,27-01-2020
Fujian,80,0,0,26.5450001,117.842778,28-01-2020
Fujian,84,0,0,26.5450001,117.842778,29-01-2020
Fujian,101,0,0,26.5450001,117.842778,30-01-2020
Fujian,120,0,0,26.5450001,117.842778,31-01-2020
Fujian,144,0,0,26.5450001,117.842778,01-02-2020
Fujian,159,0,0,26.5450001,117.842778,02-02-2020
Fujian,179,0,1,26.5450001,117.842778,03-02-2020
Fujian,194,0,3,26.5450001,117.842778,04-02-2020
Fujian,205,0,11,26.5450001,117.842778,05-02-2020
Fujian,215,0,14,26.5450001,117.842778,06-02-2020
Fujian,224,0,20,26.5450001,117.842778,07-02-2020
Fujian,239,0,24,26.5450001,117.842778,08-02-2020
Fujian,250,0,35,26.5450001,117.842778,09-02-2020
Fujian,261,0,39,26.5450001,117.842778,10-02-2020
Fujian,267,0,45,26.5450001,117.842778,11-02-2020
Fujian,272,0,53,26.5450001,117.842778,12-02-2020
Fujian,279,0,57,26.5450001,117.842778,13-02-2020
Fujian,281,0,63,26.5450001,117.842778,14-02-2020
Fujian,285,0,71,26.5450001,117.842778,15-02-2020
Fujian,287,0,82,26.5450001,117.842778,16-02-2020
Fujian,290,0,90,26.5450001,117.842778,17-02-2020
Fujian,292,0,93,26.5450001,117.842778,18-02-2020
Fujian,293,0,112,26.5450001,117.842778,19-02-2020
Fujian,293,1,126,26.5450001,117.842778,20-02-2020
Fujian,293,1,149,26.5450001,117.842778,21-02-2020
Fujian,293,1,162,26.5450001,117.842778,22-02-2020
Fujian,293,1,170,26.5450001,117.842778,23-02-2020
Fujian,293,1,183,26.5450001,117.842778,24-02-2020
Fujian,294,1,199,26.5450001,117.842778,25-02-2020
Fujian,294,1,218,26.5450001,117.842778,26-02-2020
Fujian,296,1,228,26.5450001,117.842778,27-02-2020
Fujian,296,1,235,26.5450001,117.842778,28-02-2020
Fujian,296,1,243,26.5450001,117.842778,29-02-2020
Fujian,296,1,247,26.5450001,117.842778,01-03-2020
Fujian,296,1,255,26.5450001,117.842778,02-03-2020
Fujian,296,1,260,26.5450001,117.842778,03-03-2020
Fujian,296,1,270,26.5450001,117.842778,04-03-2020
Fujian,296,1,277,26.5450001,117.842778,05-03-2020
Fujian,296,1,284,26.5450001,117.842778,06-03-2020
Fujian,296,1,295,26.5450001,117.842778,07-03-2020
Fujian,296,1,295,26.5450001,117.842778,08-03-2020
Fujian,296,1,295,26.5450001,117.842778,09-03-2020
Fujian,296,1,295,26.5450001,117.842778,10-03-2020
Fujian,296,1,295,26.5450001,117.842778,11-03-2020
Fujian,296,1,295,26.5450001,117.842778,12-03-2020
Fujian,296,1,295,26.5450001,117.842778,13-03-2020
Fujian,296,1,295,26.5450001,117.842778,14-03-2020
Fujian,296,1,295,26.5450001,117.842778,15-03-2020
Gansu,0,0,0,38.0000001,101.9999999,22-01-2020
Gansu,2,0,0,38.0000001,101.9999999,23-01-2020
Gansu,2,0,0,38.0000001,101.9999999,24-01-2020
Gansu,4,0,0,38.0000001,101.9999999,25-01-2020
Gansu,7,0,0,38.0000001,101.9999999,26-01-2020
Gansu,14,0,0,38.0000001,101.9999999,27-01-2020
Gansu,19,0,0,38.0000001,101.9999999,28-01-2020
Gansu,24,0,0,38.0000001,101.9999999,29-01-2020
Gansu,26,0,0,38.0000001,101.9999999,30-01-2020
Gansu,29,0,0,38.0000001,101.9999999,31-01-2020
Gansu,40,0,0,38.0000001,101.9999999,01-02-2020
Gansu,51,0,3,38.0000001,101.9999999,02-02-2020
Gansu,55,0,3,38.0000001,101.9999999,03-02-2020
Gansu,57,0,4,38.0000001,101.9999999,04-02-2020
Gansu,62,0,6,38.0000001,101.9999999,05-02-2020
Gansu,62,0,6,38.0000001,101.9999999,06-02-2020
Gansu,67,0,9,38.0000001,101.9999999,07-02-2020
Gansu,79,1,12,38.0000001,101.9999999,08-02-2020
Gansu,83,2,16,38.0000001,101.9999999,09-02-2020
Gansu,83,2,17,38.0000001,101.9999999,10-02-2020
Gansu,86,2,24,38.0000001,101.9999999,11-02-2020
Gansu,87,2,31,38.0000001,101.9999999,12-02-2020
Gansu,90,2,39,38.0000001,101.9999999,13-02-2020
Gansu,90,2,39,38.0000001,101.9999999,14-02-2020
Gansu,90,2,49,38.0000001,101.9999999,15-02-2020
Gansu,90,2,54,38.0000001,101.9999999,16-02-2020
Gansu,91,2,58,38.0000001,101.9999999,17-02-2020
Gansu,91,2,62,38.0000001,101.9999999,18-02-2020
Gansu,91,2,65,38.0000001,101.9999999,19-02-2020
Gansu,91,2,71,38.0000001,101.9999999,20-02-2020
Gansu,91,2,76,38.0000001,101.9999999,21-02-2020
Gansu,91,2,76,38.0000001,101.9999999,22-02-2020
Gansu,91,2,78,38.0000001,101.9999999,23-02-2020
Gansu,91,2,80,38.0000001,101.9999999,24-02-2020
Gansu,91,2,80,38.0000001,101.9999999,25-02-2020
Gansu,91,2,81,38.0000001,101.9999999,26-02-2020
Gansu,91,2,81,38.0000001,101.9999999,27-02-2020
Gansu,91,2,82,38.0000001,101.9999999,28-02-2020
Gansu,91,2,82,38.0000001,101.9999999,29-02-2020
Gansu,91,2,84,38.0000001,101.9999999,01-03-2020
Gansu,91,2,85,38.0000001,101.9999999,02-03-2020
Gansu,91,2,86,38.0000001,101.9999999,03-03-2020
Gansu,91,2,87,38.0000001,101.9999999,04-03-2020
Gansu,102,2,87,38.0000001,101.9999999,05-03-2020
Gansu,119,2,87,38.0000001,101.9999999,06-03-2020
Gansu,120,2,87,38.0000001,101.9999999,07-03-2020
Gansu,124,2,87,38.0000001,101.9999999,08-03-2020
Gansu,124,2,88,38.0000001,101.9999999,09-03-2020
Gansu,125,2,88,38.0000001,101.9999999,10-03-2020
Gansu,127,2,88,38.0000001,101.9999999,11-03-2020
Gansu,127,2,88,38.0000001,101.9999999,12-03-2020
Gansu,127,2,88,38.0000001,101.9999999,13-03-2020
Gansu,129,2,89,38.0000001,101.9999999,14-03-2020
Gansu,133,2,91,38.0000001,101.9999999,15-03-2020
Guangdong,26,0,0,23.1357694,113.1982688,22-01-2020
Guangdong,32,0,2,23.1357694,113.1982688,23-01-2020
Guangdong,53,0,2,23.1357694,113.1982688,24-01-2020
Guangdong,78,0,2,23.1357694,113.1982688,25-01-2020
Guangdong,111,0,2,23.1357694,113.1982688,26-01-2020
Guangdong,151,0,4,23.1357694,113.1982688,27-01-2020
Guangdong,207,0,4,23.1357694,113.1982688,28-01-2020
Guangdong,277,0,5,23.1357694,113.1982688,29-01-2020
Guangdong,354,0,10,23.1357694,113.1982688,30-01-2020
Guangdong,436,0,11,23.1357694,113.1982688,31-01-2020
Guangdong,535,0,14,23.1357694,113.1982688,01-02-2020
Guangdong,632,0,15,23.1357694,113.1982688,02-02-2020
Guangdong,725,0,21,23.1357694,113.1982688,03-02-2020
Guangdong,813,0,30,23.1357694,113.1982688,04-02-2020
Guangdong,895,0,49,23.1357694,113.1982688,05-02-2020
Guangdong,970,0,69,23.1357694,113.1982688,06-02-2020
Guangdong,1034,1,88,23.1357694,113.1982688,07-02-2020
Guangdong,1095,1,112,23.1357694,113.1982688,08-02-2020
Guangdong,1131,1,141,23.1357694,113.1982688,09-02-2020
Guangdong,1159,1,167,23.1357694,113.1982688,10-02-2020
Guangdong,1177,1,212,23.1357694,113.1982688,11-02-2020
Guangdong,1219,1,275,23.1357694,113.1982688,12-02-2020
Guangdong,1241,2,314,23.1357694,113.1982688,13-02-2020
Guangdong,1261,2,362,23.1357694,113.1982688,14-02-2020
Guangdong,1294,2,410,23.1357694,113.1982688,15-02-2020
Guangdong,1316,2,465,23.1357694,113.1982688,16-02-2020
Guangdong,1322,4,524,23.1357694,113.1982688,17-02-2020
Guangdong,1328,4,565,23.1357694,113.1982688,18-02-2020
Guangdong,1331,5,606,23.1357694,113.1982688,19-02-2020
Guangdong,1332,5,642,23.1357694,113.1982688,20-02-2020
Guangdong,1333,5,690,23.1357694,113.1982688,21-02-2020
Guangdong,1339,5,728,23.1357694,113.1982688,22-02-2020
Guangdong,1342,6,755,23.1357694,113.1982688,23-02-2020
Guangdong,1345,6,786,23.1357694,113.1982688,24-02-2020
Guangdong,1347,7,822,23.1357694,113.1982688,25-02-2020
Guangdong,1347,7,851,23.1357694,113.1982688,26-02-2020
Guangdong,1347,7,890,23.1357694,113.1982688,27-02-2020
Guangdong,1348,7,935,23.1357694,113.1982688,28-02-2020
Guangdong,1349,7,983,23.1357694,113.1982688,29-02-2020
Guangdong,1349,7,1016,23.1357694,113.1982688,01-03-2020
Guangdong,1350,7,1059,23.1357694,113.1982688,02-03-2020
Guangdong,1350,7,1101,23.1357694,113.1982688,03-03-2020
Guangdong,1350,7,1133,23.1357694,113.1982688,04-03-2020
Guangdong,1351,7,1181,23.1357694,113.1982688,05-03-2020
Guangdong,1352,7,1216,23.1357694,113.1982688,06-03-2020
Guangdong,1352,7,1237,23.1357694,113.1982688,07-03-2020
Guangdong,1352,7,1256,23.1357694,113.1982688,08-03-2020
Guangdong,1352,8,1260,23.1357694,113.1982688,09-03-2020
Guangdong,1353,8,1274,23.1357694,113.1982688,10-03-2020
Guangdong,1356,8,1282,23.1357694,113.1982688,11-03-2020
Guangdong,1356,8,1289,23.1357694,113.1982688,12-03-2020
Guangdong,1356,8,1296,23.1357694,113.1982688,13-03-2020
Guangdong,1356,8,1299,23.1357694,113.1982688,14-03-2020
Guangdong,1360,8,1304,23.1357694,113.1982688,15-03-2020
Guangxi,2,0,0,24,109,22-01-2020
Guangxi,5,0,0,24,109,23-01-2020
Guangxi,23,0,0,24,109,24-01-2020
Guangxi,23,0,0,24,109,25-01-2020
Guangxi,36,0,0,24,109,26-01-2020
Guangxi,46,0,0,24,109,27-01-2020
Guangxi,51,0,2,24,109,28-01-2020
Guangxi,58,0,2,24,109,29-01-2020
Guangxi,78,0,2,24,109,30-01-2020
Guangxi,87,0,2,24,109,31-01-2020
Guangxi,100,0,2,24,109,01-02-2020
Guangxi,111,0,2,24,109,02-02-2020
Guangxi,127,0,7,24,109,03-02-2020
Guangxi,139,0,10,24,109,04-02-2020
Guangxi,150,0,13,24,109,05-02-2020
Guangxi,168,0,14,24,109,06-02-2020
Guangxi,172,0,17,24,109,07-02-2020
Guangxi,183,0,17,24,109,08-02-2020
Guangxi,195,1,18,24,109,09-02-2020
Guangxi,210,1,24,24,109,10-02-2020
Guangxi,215,1,33,24,109,11-02-2020
Guangxi,222,1,32,24,109,12-02-2020
Guangxi,222,2,33,24,109,13-02-2020
Guangxi,226,2,36,24,109,14-02-2020
Guangxi,235,2,44,24,109,15-02-2020
Guangxi,237,2,49,24,109,16-02-2020
Guangxi,238,2,53,24,109,17-02-2020
Guangxi,242,2,69,24,109,18-02-2020
Guangxi,244,2,86,24,109,19-02-2020
Guangxi,245,2,90,24,109,20-02-2020
Guangxi,246,2,97,24,109,21-02-2020
Guangxi,249,2,104,24,109,22-02-2020
Guangxi,249,2,106,24,109,23-02-2020
Guangxi,251,2,112,24,109,24-02-2020
Guangxi,252,2,134,24,109,25-02-2020
Guangxi,252,2,147,24,109,26-02-2020
Guangxi,252,2,161,24,109,27-02-2020
Guangxi,252,2,168,24,109,28-02-2020
Guangxi,252,2,176,24,109,29-02-2020
Guangxi,252,2,181,24,109,01-03-2020
Guangxi,252,2,192,24,109,02-03-2020
Guangxi,252,2,202,24,109,03-03-2020
Guangxi,252,2,210,24,109,04-03-2020
Guangxi,252,2,214,24,109,05-03-2020
Guangxi,252,2,217,24,109,06-03-2020
Guangxi,252,2,218,24,109,07-03-2020
Guangxi,252,2,223,24,109,08-03-2020
Guangxi,252,2,230,24,109,09-03-2020
Guangxi,252,2,234,24,109,10-03-2020
Guangxi,252,2,238,24,109,11-03-2020
Guangxi,252,2,241,24,109,12-03-2020
Guangxi,252,2,243,24,109,13-03-2020
Guangxi,252,2,243,24,109,14-03-2020
Guangxi,252,2,243,24,109,15-03-2020
Guizhou,1,0,0,27,107,22-01-2020
Guizhou,3,0,0,27,107,23-01-2020
Guizhou,3,0,0,27,107,24-01-2020
Guizhou,4,0,0,27,107,25-01-2020
Guizhou,5,0,0,27,107,26-01-2020
Guizhou,7,0,0,27,107,27-01-2020
Guizhou,9,0,0,27,107,28-01-2020
Guizhou,9,0,1,27,107,29-01-2020
Guizhou,12,0,1,27,107,30-01-2020
Guizhou,29,0,2,27,107,31-01-2020
Guizhou,29,0,2,27,107,01-02-2020
Guizhou,38,0,2,27,107,02-02-2020
Guizhou,46,0,2,27,107,03-02-2020
Guizhou,58,0,2,27,107,04-02-2020
Guizhou,64,1,9,27,107,05-02-2020
Guizhou,71,1,6,27,107,06-02-2020
Guizhou,81,1,6,27,107,07-02-2020
Guizhou,89,1,7,27,107,08-02-2020
Guizhou,99,1,7,27,107,09-02-2020
Guizhou,109,1,10,27,107,10-02-2020
Guizhou,127,1,17,27,107,11-02-2020
Guizhou,133,1,18,27,107,12-02-2020
Guizhou,135,1,27,27,107,13-02-2020
Guizhou,140,1,28,27,107,14-02-2020
Guizhou,143,1,41,27,107,15-02-2020
Guizhou,144,1,46,27,107,16-02-2020
Guizhou,146,1,57,27,107,17-02-2020
Guizhou,146,2,66,27,107,18-02-2020
Guizhou,146,2,70,27,107,19-02-2020
Guizhou,146,2,72,27,107,20-02-2020
Guizhou,146,2,77,27,107,21-02-2020
Guizhou,146,2,90,27,107,22-02-2020
Guizhou,146,2,102,27,107,23-02-2020
Guizhou,146,2,102,27,107,24-02-2020
Guizhou,146,2,104,27,107,25-02-2020
Guizhou,146,2,104,27,107,26-02-2020
Guizhou,146,2,112,27,107,27-02-2020
Guizhou,146,2,112,27,107,28-02-2020
Guizhou,146,2,112,27,107,29-02-2020
Guizhou,146,2,112,27,107,01-03-2020
Guizhou,146,2,114,27,107,02-03-2020
Guizhou,146,2,114,27,107,03-03-2020
Guizhou,146,2,114,27,107,04-03-2020
Guizhou,146,2,114,27,107,05-03-2020
Guizhou,146,2,114,27,107,06-03-2020
Guizhou,146,2,115,27,107,07-03-2020
Guizhou,146,2,117,27,107,08-03-2020
Guizhou,146,2,123,27,107,09-03-2020
Guizhou,146,2,129,27,107,10-03-2020
Guizhou,146,2,133,27,107,11-03-2020
Guizhou,146,2,137,27,107,12-03-2020
Guizhou,146,2,140,27,107,13-03-2020
Guizhou,146,2,143,27,107,14-03-2020
Guizhou,146,2,143,27,107,15-03-2020
Hainan,4,0,0,19.2000001,109.5999999,22-01-2020
Hainan,5,0,0,19.2000001,109.5999999,23-01-2020
Hainan,8,0,0,19.2000001,109.5999999,24-01-2020
Hainan,19,0,0,19.2000001,109.5999999,25-01-2020
Hainan,22,0,0,19.2000001,109.5999999,26-01-2020
Hainan,33,1,0,19.2000001,109.5999999,27-01-2020
Hainan,40,1,0,19.2000001,109.5999999,28-01-2020
Hainan,43,1,0,19.2000001,109.5999999,29-01-2020
Hainan,46,1,1,19.2000001,109.5999999,30-01-2020
Hainan,52,1,1,19.2000001,109.5999999,31-01-2020
Hainan,62,1,1,19.2000001,109.5999999,01-02-2020
Hainan,64,1,4,19.2000001,109.5999999,02-02-2020
Hainan,72,1,4,19.2000001,109.5999999,03-02-2020
Hainan,80,1,5,19.2000001,109.5999999,04-02-2020
Hainan,99,1,5,19.2000001,109.5999999,05-02-2020
Hainan,106,1,8,19.2000001,109.5999999,06-02-2020
Hainan,117,2,10,19.2000001,109.5999999,07-02-2020
Hainan,124,2,14,19.2000001,109.5999999,08-02-2020
Hainan,131,3,19,19.2000001,109.5999999,09-02-2020
Hainan,138,3,19,19.2000001,109.5999999,10-02-2020
Hainan,144,3,20,19.2000001,109.5999999,11-02-2020
Hainan,157,4,27,19.2000001,109.5999999,12-02-2020
Hainan,157,4,30,19.2000001,109.5999999,13-02-2020
Hainan,159,4,43,19.2000001,109.5999999,14-02-2020
Hainan,162,4,39,19.2000001,109.5999999,15-02-2020
Hainan,162,4,52,19.2000001,109.5999999,16-02-2020
Hainan,163,4,59,19.2000001,109.5999999,17-02-2020
Hainan,163,4,79,19.2000001,109.5999999,18-02-2020
Hainan,168,4,84,19.2000001,109.5999999,19-02-2020
Hainan,168,4,86,19.2000001,109.5999999,20-02-2020
Hainan,168,4,95,19.2000001,109.5999999,21-02-2020
Hainan,168,4,104,19.2000001,109.5999999,22-02-2020
Hainan,168,5,106,19.2000001,109.5999999,23-02-2020
Hainan,168,5,116,19.2000001,109.5999999,24-02-2020
Hainan,168,5,124,19.2000001,109.5999999,25-02-2020
Hainan,168,5,129,19.2000001,109.5999999,26-02-2020
Hainan,168,5,131,19.2000001,109.5999999,27-02-2020
Hainan,168,5,133,19.2000001,109.5999999,28-02-2020
Hainan,168,5,148,19.2000001,109.5999999,29-02-2020
Hainan,168,5,149,19.2000001,109.5999999,01-03-2020
Hainan,168,5,151,19.2000001,109.5999999,02-03-2020
Hainan,168,5,155,19.2000001,109.5999999,03-03-2020
Hainan,168,5,158,19.2000001,109.5999999,04-03-2020
Hainan,168,6,158,19.2000001,109.5999999,05-03-2020
Hainan,168,6,158,19.2000001,109.5999999,06-03-2020
Hainan,168,6,158,19.2000001,109.5999999,07-03-2020
Hainan,168,6,159,19.2000001,109.5999999,08-03-2020
Hainan,168,6,159,19.2000001,109.5999999,09-03-2020
Hainan,168,6,159,19.2000001,109.5999999,10-03-2020
Hainan,168,6,159,19.2000001,109.5999999,11-03-2020
Hainan,168,6,160,19.2000001,109.5999999,12-03-2020
Hainan,168,6,160,19.2000001,109.5999999,13-03-2020
Hainan,168,6,160,19.2000001,109.5999999,14-03-2020
Hainan,168,6,160,19.2000001,109.5999999,15-03-2020
Hebei,1,0,0,39.0000001,116,22-01-2020
Hebei,1,1,0,39.0000001,116,23-01-2020
Hebei,2,1,0,39.0000001,116,24-01-2020
Hebei,8,1,0,39.0000001,116,25-01-2020
Hebei,13,1,0,39.0000001,116,26-01-2020
Hebei,18,1,0,39.0000001,116,27-01-2020
Hebei,33,1,0,39.0000001,116,28-01-2020
Hebei,48,1,0,39.0000001,116,29-01-2020
Hebei,65,1,0,39.0000001,116,30-01-2020
Hebei,82,1,0,39.0000001,116,31-01-2020
Hebei,96,1,0,39.0000001,116,01-02-2020
Hebei,104,1,3,39.0000001,116,02-02-2020
Hebei,113,1,3,39.0000001,116,03-02-2020
Hebei,126,1,4,39.0000001,116,04-02-2020
Hebei,135,1,6,39.0000001,116,05-02-2020
Hebei,157,1,13,39.0000001,116,06-02-2020
Hebei,172,1,22,39.0000001,116,07-02-2020
Hebei,195,1,30,39.0000001,116,08-02-2020
Hebei,206,2,34,39.0000001,116,09-02-2020
Hebei,218,2,41,39.0000001,116,10-02-2020
Hebei,239,2,48,39.0000001,116,11-02-2020
Hebei,251,2,54,39.0000001,116,12-02-2020
Hebei,265,3,68,39.0000001,116,13-02-2020
Hebei,283,3,87,39.0000001,116,14-02-2020
Hebei,291,3,101,39.0000001,116,15-02-2020
Hebei,300,3,105,39.0000001,116,16-02-2020
Hebei,301,3,122,39.0000001,116,17-02-2020
Hebei,306,4,136,39.0000001,116,18-02-2020
Hebei,306,4,152,39.0000001,116,19-02-2020
Hebei,307,5,169,39.0000001,116,20-02-2020
Hebei,308,5,184,39.0000001,116,21-02-2020
Hebei,309,6,203,39.0000001,116,22-02-2020
Hebei,311,6,219,39.0000001,116,23-02-2020
Hebei,311,6,234,39.0000001,116,24-02-2020
Hebei,311,6,248,39.0000001,116,25-02-2020
Hebei,312,6,261,39.0000001,116,26-02-2020
Hebei,317,6,274,39.0000001,116,27-02-2020
Hebei,318,6,277,39.0000001,116,28-02-2020
Hebei,318,6,282,39.0000001,116,29-02-2020
Hebei,318,6,294,39.0000001,116,01-03-2020
Hebei,318,6,296,39.0000001,116,02-03-2020
Hebei,318,6,300,39.0000001,116,03-03-2020
Hebei,318,6,301,39.0000001,116,04-03-2020
Hebei,318,6,304,39.0000001,116,05-03-2020
Hebei,318,6,305,39.0000001,116,06-03-2020
Hebei,318,6,307,39.0000001,116,07-03-2020
Hebei,318,6,307,39.0000001,116,08-03-2020
Hebei,318,6,307,39.0000001,116,09-03-2020
Hebei,318,6,307,39.0000001,116,10-03-2020
Hebei,318,6,307,39.0000001,116,11-03-2020
Hebei,318,6,308,39.0000001,116,12-03-2020
Hebei,318,6,310,39.0000001,116,13-03-2020
Hebei,318,6,310,39.0000001,116,14-03-2020
Hebei,318,6,310,39.0000001,116,15-03-2020
Heilongjiang,0,0,0,48.0000047,127.999992,22-01-2020
Heilongjiang,2,0,0,48.0000047,127.999992,23-01-2020
Heilongjiang,4,1,0,48.0000047,127.999992,24-01-2020
Heilongjiang,9,1,0,48.0000047,127.999992,25-01-2020
Heilongjiang,15,1,0,48.0000047,127.999992,26-01-2020
Heilongjiang,21,1,0,48.0000047,127.999992,27-01-2020
Heilongjiang,33,1,0,48.0000047,127.999992,28-01-2020
Heilongjiang,38,1,0,48.0000047,127.999992,29-01-2020
Heilongjiang,44,2,0,48.0000047,127.999992,30-01-2020
Heilongjiang,59,2,0,48.0000047,127.999992,31-01-2020
Heilongjiang,80,2,2,48.0000047,127.999992,01-02-2020
Heilongjiang,95,2,2,48.0000047,127.999992,02-02-2020
Heilongjiang,121,2,2,48.0000047,127.999992,03-02-2020
Heilongjiang,155,2,4,48.0000047,127.999992,04-02-2020
Heilongjiang,190,2,7,48.0000047,127.999992,05-02-2020
Heilongjiang,227,3,8,48.0000047,127.999992,06-02-2020
Heilongjiang,277,3,12,48.0000047,127.999992,07-02-2020
Heilongjiang,295,5,13,48.0000047,127.999992,08-02-2020
Heilongjiang,307,6,14,48.0000047,127.999992,09-02-2020
Heilongjiang,331,7,30,48.0000047,127.999992,10-02-2020
Heilongjiang,360,8,28,48.0000047,127.999992,11-02-2020
Heilongjiang,378,8,31,48.0000047,127.999992,12-02-2020
Heilongjiang,395,9,33,48.0000047,127.999992,13-02-2020
Heilongjiang,419,11,47,48.0000047,127.999992,14-02-2020
Heilongjiang,425,11,68,48.0000047,127.999992,15-02-2020
Heilongjiang,445,11,79,48.0000047,127.999992,16-02-2020
Heilongjiang,457,11,85,48.0000047,127.999992,17-02-2020
Heilongjiang,464,11,111,48.0000047,127.999992,18-02-2020
Heilongjiang,470,12,120,48.0000047,127.999992,19-02-2020
Heilongjiang,476,12,136,48.0000047,127.999992,20-02-2020
Heilongjiang,479,12,175,48.0000047,127.999992,21-02-2020
Heilongjiang,479,12,204,48.0000047,127.999992,22-02-2020
Heilongjiang,480,12,222,48.0000047,127.999992,23-02-2020
Heilongjiang,480,12,227,48.0000047,127.999992,24-02-2020
Heilongjiang,480,12,243,48.0000047,127.999992,25-02-2020
Heilongjiang,480,12,249,48.0000047,127.999992,26-02-2020
Heilongjiang,480,13,270,48.0000047,127.999992,27-02-2020
Heilongjiang,480,13,283,48.0000047,127.999992,28-02-2020
Heilongjiang,480,13,301,48.0000047,127.999992,29-02-2020
Heilongjiang,480,13,342,48.0000047,127.999992,01-03-2020
Heilongjiang,480,13,356,48.0000047,127.999992,02-03-2020
Heilongjiang,480,13,366,48.0000047,127.999992,03-03-2020
Heilongjiang,480,13,373,48.0000047,127.999992,04-03-2020
Heilongjiang,481,13,379,48.0000047,127.999992,05-03-2020
Heilongjiang,481,13,396,48.0000047,127.999992,06-03-2020
Heilongjiang,481,13,403,48.0000047,127.999992,07-03-2020
Heilongjiang,481,13,412,48.0000047,127.999992,08-03-2020
Heilongjiang,481,13,430,48.0000047,127.999992,09-03-2020
Heilongjiang,481,13,434,48.0000047,127.999992,10-03-2020
Heilongjiang,482,13,436,48.0000047,127.999992,11-03-2020
Heilongjiang,482,13,441,48.0000047,127.999992,12-03-2020
Heilongjiang,482,13,446,48.0000047,127.999992,13-03-2020
Heilongjiang,482,13,447,48.0000047,127.999992,14-03-2020
Heilongjiang,482,13,453,48.0000047,127.999992,15-03-2020
Henan,5,0,0,34.0000001,113.9999999,22-01-2020
Henan,5,0,0,34.0000001,113.9999999,23-01-2020
Henan,9,0,0,34.0000001,113.9999999,24-01-2020
Henan,32,0,0,34.0000001,113.9999999,25-01-2020
Henan,83,1,0,34.0000001,113.9999999,26-01-2020
Henan,128,1,0,34.0000001,113.9999999,27-01-2020
Henan,168,1,0,34.0000001,113.9999999,28-01-2020
Henan,206,2,1,34.0000001,113.9999999,29-01-2020
Henan,278,2,2,34.0000001,113.9999999,30-01-2020
Henan,352,2,3,34.0000001,113.9999999,31-01-2020
Henan,422,2,3,34.0000001,113.9999999,01-02-2020
Henan,493,2,10,34.0000001,113.9999999,02-02-2020
Henan,566,2,16,34.0000001,113.9999999,03-02-2020
Henan,675,2,27,34.0000001,113.9999999,04-02-2020
Henan,764,2,47,34.0000001,113.9999999,05-02-2020
Henan,851,2,56,34.0000001,113.9999999,06-02-2020
Henan,914,3,86,34.0000001,113.9999999,07-02-2020
Henan,981,4,116,34.0000001,113.9999999,08-02-2020
Henan,1033,6,153,34.0000001,113.9999999,09-02-2020
Henan,1073,6,191,34.0000001,113.9999999,10-02-2020
Henan,1105,7,218,34.0000001,113.9999999,11-02-2020
Henan,1135,8,246,34.0000001,113.9999999,12-02-2020
Henan,1169,10,296,34.0000001,113.9999999,13-02-2020
Henan,1184,11,357,34.0000001,113.9999999,14-02-2020
Henan,1212,13,391,34.0000001,113.9999999,15-02-2020
Henan,1231,13,440,34.0000001,113.9999999,16-02-2020
Henan,1246,16,509,34.0000001,113.9999999,17-02-2020
Henan,1257,19,522,34.0000001,113.9999999,18-02-2020
Henan,1262,19,573,34.0000001,113.9999999,19-02-2020
Henan,1265,19,637,34.0000001,113.9999999,20-02-2020
Henan,1267,19,736,34.0000001,113.9999999,21-02-2020
Henan,1270,19,830,34.0000001,113.9999999,22-02-2020
Henan,1271,19,868,34.0000001,113.9999999,23-02-2020
Henan,1271,19,943,34.0000001,113.9999999,24-02-2020
Henan,1271,19,1002,34.0000001,113.9999999,25-02-2020
Henan,1271,19,1033,34.0000001,113.9999999,26-02-2020
Henan,1272,20,1068,34.0000001,113.9999999,27-02-2020
Henan,1272,20,1112,34.0000001,113.9999999,28-02-2020
Henan,1272,21,1170,34.0000001,113.9999999,29-02-2020
Henan,1272,22,1198,34.0000001,113.9999999,01-03-2020
Henan,1272,22,1205,34.0000001,113.9999999,02-03-2020
Henan,1272,22,1231,34.0000001,113.9999999,03-03-2020
Henan,1272,22,1234,34.0000001,113.9999999,04-03-2020
Henan,1272,22,1239,34.0000001,113.9999999,05-03-2020
Henan,1272,22,1244,34.0000001,113.9999999,06-03-2020
Henan,1272,22,1244,34.0000001,113.9999999,07-03-2020
Henan,1272,22,1247,34.0000001,113.9999999,08-03-2020
Henan,1272,22,1247,34.0000001,113.9999999,09-03-2020
Henan,1272,22,1247,34.0000001,113.9999999,10-03-2020
Henan,1273,22,1249,34.0000001,113.9999999,11-03-2020
Henan,1273,22,1249,34.0000001,113.9999999,12-03-2020
Henan,1273,22,1249,34.0000001,113.9999999,13-03-2020
Henan,1273,22,1250,34.0000001,113.9999999,14-03-2020
Henan,1273,22,1250,34.0000001,113.9999999,15-03-2020
Hubei,444,17,28,31.15172525,112.8783222,22-01-2020
Hubei,444,17,28,31.15172525,112.8783222,23-01-2020
Hubei,549,24,31,31.15172525,112.8783222,24-01-2020
Hubei,761,40,32,31.15172525,112.8783222,25-01-2020
Hubei,1058,52,42,31.15172525,112.8783222,26-01-2020
Hubei,1423,76,45,31.15172525,112.8783222,27-01-2020
Hubei,3554,125,80,31.15172525,112.8783222,28-01-2020
Hubei,3554,125,88,31.15172525,112.8783222,29-01-2020
Hubei,4903,162,90,31.15172525,112.8783222,30-01-2020
Hubei,5806,204,141,31.15172525,112.8783222,31-01-2020
Hubei,7153,249,168,31.15172525,112.8783222,01-02-2020
Hubei,11177,350,295,31.15172525,112.8783222,02-02-2020
Hubei,13522,414,386,31.15172525,112.8783222,03-02-2020
Hubei,16678,479,522,31.15172525,112.8783222,04-02-2020
Hubei,19665,549,633,31.15172525,112.8783222,05-02-2020
Hubei,22112,618,817,31.15172525,112.8783222,06-02-2020
Hubei,24953,699,1115,31.15172525,112.8783222,07-02-2020
Hubei,27100,780,1439,31.15172525,112.8783222,08-02-2020
Hubei,29631,871,1795,31.15172525,112.8783222,09-02-2020
Hubei,31728,974,2222,31.15172525,112.8783222,10-02-2020
Hubei,33366,1068,2639,31.15172525,112.8783222,11-02-2020
Hubei,33366,1068,2686,31.15172525,112.8783222,12-02-2020
Hubei,48206,1310,3459,31.15172525,112.8783222,13-02-2020
Hubei,54406,1457,4774,31.15172525,112.8783222,14-02-2020
Hubei,56249,1596,5623,31.15172525,112.8783222,15-02-2020
Hubei,58182,1696,6639,31.15172525,112.8783222,16-02-2020
Hubei,59989,1789,7862,31.15172525,112.8783222,17-02-2020
Hubei,61682,1921,9128,31.15172525,112.8783222,18-02-2020
Hubei,62031,2029,10337,31.15172525,112.8783222,19-02-2020
Hubei,62442,2144,11788,31.15172525,112.8783222,20-02-2020
Hubei,62662,2144,11881,31.15172525,112.8783222,21-02-2020
Hubei,64084,2346,15299,31.15172525,112.8783222,22-02-2020
Hubei,64084,2346,15343,31.15172525,112.8783222,23-02-2020
Hubei,64287,2495,16748,31.15172525,112.8783222,24-02-2020
Hubei,64786,2563,18971,31.15172525,112.8783222,25-02-2020
Hubei,65187,2615,20969,31.15172525,112.8783222,26-02-2020
Hubei,65596,2641,23383,31.15172525,112.8783222,27-02-2020
Hubei,65914,2682,26403,31.15172525,112.8783222,28-02-2020
Hubei,66337,2727,28993,31.15172525,112.8783222,29-02-2020
Hubei,66907,2761,31536,31.15172525,112.8783222,01-03-2020
Hubei,67103,2803,33934,31.15172525,112.8783222,02-03-2020
Hubei,67217,2835,36208,31.15172525,112.8783222,03-03-2020
Hubei,67332,2871,38557,31.15172525,112.8783222,04-03-2020
Hubei,67466,2902,40592,31.15172525,112.8783222,05-03-2020
Hubei,67592,2931,42033,31.15172525,112.8783222,06-03-2020
Hubei,67666,2959,43500,31.15172525,112.8783222,07-03-2020
Hubei,67707,2986,45235,31.15172525,112.8783222,08-03-2020
Hubei,67743,3008,46488,31.15172525,112.8783222,09-03-2020
Hubei,67760,3024,47743,31.15172525,112.8783222,10-03-2020
Hubei,67773,3046,49134,31.15172525,112.8783222,11-03-2020
Hubei,67781,3056,50318,31.15172525,112.8783222,12-03-2020
Hubei,67786,3062,51553,31.15172525,112.8783222,13-03-2020
Hubei,67790,3075,52960,31.15172525,112.8783222,14-03-2020
Hubei,67794,3085,54288,31.15172525,112.8783222,15-03-2020
Hunan,4,0,0,27.9995878,112.009538,22-01-2020
Hunan,9,0,0,27.9995878,112.009538,23-01-2020
Hunan,24,0,0,27.9995878,112.009538,24-01-2020
Hunan,43,0,0,27.9995878,112.009538,25-01-2020
Hunan,69,0,0,27.9995878,112.009538,26-01-2020
Hunan,100,0,0,27.9995878,112.009538,27-01-2020
Hunan,143,0,0,27.9995878,112.009538,28-01-2020
Hunan,221,0,0,27.9995878,112.009538,29-01-2020
Hunan,277,0,2,27.9995878,112.009538,30-01-2020
Hunan,332,0,2,27.9995878,112.009538,31-01-2020
Hunan,389,0,8,27.9995878,112.009538,01-02-2020
Hunan,463,0,16,27.9995878,112.009538,02-02-2020
Hunan,521,0,22,27.9995878,112.009538,03-02-2020
Hunan,593,0,31,27.9995878,112.009538,04-02-2020
Hunan,661,0,54,27.9995878,112.009538,05-02-2020
Hunan,711,0,81,27.9995878,112.009538,06-02-2020
Hunan,772,0,112,27.9995878,112.009538,07-02-2020
Hunan,803,1,156,27.9995878,112.009538,08-02-2020
Hunan,838,1,186,27.9995878,112.009538,09-02-2020
Hunan,879,1,208,27.9995878,112.009538,10-02-2020
Hunan,912,1,247,27.9995878,112.009538,11-02-2020
Hunan,946,2,304,27.9995878,112.009538,12-02-2020
Hunan,968,2,339,27.9995878,112.009538,13-02-2020
Hunan,988,2,364,27.9995878,112.009538,14-02-2020
Hunan,1001,2,425,27.9995878,112.009538,15-02-2020
Hunan,1004,3,464,27.9995878,112.009538,16-02-2020
Hunan,1006,3,498,27.9995878,112.009538,17-02-2020
Hunan,1007,4,527,27.9995878,112.009538,18-02-2020
Hunan,1008,4,561,27.9995878,112.009538,19-02-2020
Hunan,1010,4,634,27.9995878,112.009538,20-02-2020
Hunan,1011,4,661,27.9995878,112.009538,21-02-2020
Hunan,1013,4,692,27.9995878,112.009538,22-02-2020
Hunan,1016,4,714,27.9995878,112.009538,23-02-2020
Hunan,1016,4,731,27.9995878,112.009538,24-02-2020
Hunan,1016,4,768,27.9995878,112.009538,25-02-2020
Hunan,1016,4,783,27.9995878,112.009538,26-02-2020
Hunan,1017,4,804,27.9995878,112.009538,27-02-2020
Hunan,1017,4,830,27.9995878,112.009538,28-02-2020
Hunan,1018,4,846,27.9995878,112.009538,29-02-2020
Hunan,1018,4,866,27.9995878,112.009538,01-03-2020
Hunan,1018,4,887,27.9995878,112.009538,02-03-2020
Hunan,1018,4,906,27.9995878,112.009538,03-03-2020
Hunan,1018,4,916,27.9995878,112.009538,04-03-2020
Hunan,1018,4,938,27.9995878,112.009538,05-03-2020
Hunan,1018,4,955,27.9995878,112.009538,06-03-2020
Hunan,1018,4,960,27.9995878,112.009538,07-03-2020
Hunan,1018,4,968,27.9995878,112.009538,08-03-2020
Hunan,1018,4,979,27.9995878,112.009538,09-03-2020
Hunan,1018,4,990,27.9995878,112.009538,10-03-2020
Hunan,1018,4,995,27.9995878,112.009538,11-03-2020
Hunan,1018,4,999,27.9995878,112.009538,12-03-2020
Hunan,1018,4,1005,27.9995878,112.009538,13-03-2020
Hunan,1018,4,1014,27.9995878,112.009538,14-03-2020
Hunan,1018,4,1014,27.9995878,112.009538,15-03-2020
Inner Mongolia,0,0,0,43.2443242,114.3251664,22-01-2020
Inner Mongolia,0,0,0,43.2443242,114.3251664,23-01-2020
Inner Mongolia,1,0,0,43.2443242,114.3251664,24-01-2020
Inner Mongolia,7,0,0,43.2443242,114.3251664,25-01-2020
Inner Mongolia,7,0,0,43.2443242,114.3251664,26-01-2020
Inner Mongolia,11,0,0,43.2443242,114.3251664,27-01-2020
Inner Mongolia,15,0,0,43.2443242,114.3251664,28-01-2020
Inner Mongolia,16,0,0,43.2443242,114.3251664,29-01-2020
Inner Mongolia,19,0,0,43.2443242,114.3251664,30-01-2020
Inner Mongolia,20,0,1,43.2443242,114.3251664,31-01-2020
Inner Mongolia,23,0,1,43.2443242,114.3251664,01-02-2020
Inner Mongolia,27,0,1,43.2443242,114.3251664,02-02-2020
Inner Mongolia,34,0,1,43.2443242,114.3251664,03-02-2020
Inner Mongolia,35,0,1,43.2443242,114.3251664,04-02-2020
Inner Mongolia,42,0,3,43.2443242,114.3251664,05-02-2020
Inner Mongolia,46,0,4,43.2443242,114.3251664,06-02-2020
Inner Mongolia,50,0,5,43.2443242,114.3251664,07-02-2020
Inner Mongolia,52,0,5,43.2443242,114.3251664,08-02-2020
Inner Mongolia,54,0,5,43.2443242,114.3251664,09-02-2020
Inner Mongolia,58,0,5,43.2443242,114.3251664,10-02-2020
Inner Mongolia,58,0,5,43.2443242,114.3251664,11-02-2020
Inner Mongolia,60,0,6,43.2443242,114.3251664,12-02-2020
Inner Mongolia,61,0,6,43.2443242,114.3251664,13-02-2020
Inner Mongolia,65,0,6,43.2443242,114.3251664,14-02-2020
Inner Mongolia,68,0,7,43.2443242,114.3251664,15-02-2020
Inner Mongolia,70,0,8,43.2443242,114.3251664,16-02-2020
Inner Mongolia,72,0,8,43.2443242,114.3251664,17-02-2020
Inner Mongolia,73,0,8,43.2443242,114.3251664,18-02-2020
Inner Mongolia,75,0,10,43.2443242,114.3251664,19-02-2020
Inner Mongolia,75,0,16,43.2443242,114.3251664,20-02-2020
Inner Mongolia,75,0,17,43.2443242,114.3251664,21-02-2020
Inner Mongolia,75,0,26,43.2443242,114.3251664,22-02-2020
Inner Mongolia,75,0,27,43.2443242,114.3251664,23-02-2020
Inner Mongolia,75,0,34,43.2443242,114.3251664,24-02-2020
Inner Mongolia,75,0,35,43.2443242,114.3251664,25-02-2020
Inner Mongolia,75,0,38,43.2443242,114.3251664,26-02-2020
Inner Mongolia,75,0,43,43.2443242,114.3251664,27-02-2020
Inner Mongolia,75,0,45,43.2443242,114.3251664,28-02-2020
Inner Mongolia,75,0,49,43.2443242,114.3251664,29-02-2020
Inner Mongolia,75,0,52,43.2443242,114.3251664,01-03-2020
Inner Mongolia,75,0,54,43.2443242,114.3251664,02-03-2020
Inner Mongolia,75,1,59,43.2443242,114.3251664,03-03-2020
Inner Mongolia,75,1,63,43.2443242,114.3251664,04-03-2020
Inner Mongolia,75,1,65,43.2443242,114.3251664,05-03-2020
Inner Mongolia,75,1,65,43.2443242,114.3251664,06-03-2020
Inner Mongolia,75,1,67,43.2443242,114.3251664,07-03-2020
Inner Mongolia,75,1,70,43.2443242,114.3251664,08-03-2020
Inner Mongolia,75,1,70,43.2443242,114.3251664,09-03-2020
Inner Mongolia,75,1,70,43.2443242,114.3251664,10-03-2020
Inner Mongolia,75,1,71,43.2443242,114.3251664,11-03-2020
Inner Mongolia,75,1,71,43.2443242,114.3251664,12-03-2020
Inner Mongolia,75,1,71,43.2443242,114.3251664,13-03-2020
Inner Mongolia,75,1,71,43.2443242,114.3251664,14-03-2020
Inner Mongolia,75,1,71,43.2443242,114.3251664,15-03-2020
Jiangsu,1,0,0,33.0000001,119.9999999,22-01-2020
Jiangsu,5,0,0,33.0000001,119.9999999,23-01-2020
Jiangsu,9,0,0,33.0000001,119.9999999,24-01-2020
Jiangsu,18,0,1,33.0000001,119.9999999,25-01-2020
Jiangsu,33,0,1,33.0000001,119.9999999,26-01-2020
Jiangsu,47,0,1,33.0000001,119.9999999,27-01-2020
Jiangsu,70,0,1,33.0000001,119.9999999,28-01-2020
Jiangsu,99,0,1,33.0000001,119.9999999,29-01-2020
Jiangsu,129,0,1,33.0000001,119.9999999,30-01-2020
Jiangsu,168,0,5,33.0000001,119.9999999,31-01-2020
Jiangsu,202,0,6,33.0000001,119.9999999,01-02-2020
Jiangsu,236,0,7,33.0000001,119.9999999,02-02-2020
Jiangsu,271,0,8,33.0000001,119.9999999,03-02-2020
Jiangsu,308,0,12,33.0000001,119.9999999,04-02-2020
Jiangsu,341,0,23,33.0000001,119.9999999,05-02-2020
Jiangsu,373,0,34,33.0000001,119.9999999,06-02-2020
Jiangsu,408,0,43,33.0000001,119.9999999,07-02-2020
Jiangsu,439,0,51,33.0000001,119.9999999,08-02-2020
Jiangsu,468,0,71,33.0000001,119.9999999,09-02-2020
Jiangsu,492,0,81,33.0000001,119.9999999,10-02-2020
Jiangsu,515,0,93,33.0000001,119.9999999,11-02-2020
Jiangsu,543,0,125,33.0000001,119.9999999,12-02-2020
Jiangsu,570,0,139,33.0000001,119.9999999,13-02-2020
Jiangsu,593,0,157,33.0000001,119.9999999,14-02-2020
Jiangsu,604,0,186,33.0000001,119.9999999,15-02-2020
Jiangsu,617,0,218,33.0000001,119.9999999,16-02-2020
Jiangsu,626,0,258,33.0000001,119.9999999,17-02-2020
Jiangsu,629,0,280,33.0000001,119.9999999,18-02-2020
Jiangsu,631,0,318,33.0000001,119.9999999,19-02-2020
Jiangsu,631,0,356,33.0000001,119.9999999,20-02-2020
Jiangsu,631,0,373,33.0000001,119.9999999,21-02-2020
Jiangsu,631,0,401,33.0000001,119.9999999,22-02-2020
Jiangsu,631,0,418,33.0000001,119.9999999,23-02-2020
Jiangsu,631,0,452,33.0000001,119.9999999,24-02-2020
Jiangsu,631,0,458,33.0000001,119.9999999,25-02-2020
Jiangsu,631,0,478,33.0000001,119.9999999,26-02-2020
Jiangsu,631,0,498,33.0000001,119.9999999,27-02-2020
Jiangsu,631,0,515,33.0000001,119.9999999,28-02-2020
Jiangsu,631,0,523,33.0000001,119.9999999,29-02-2020
Jiangsu,631,0,536,33.0000001,119.9999999,01-03-2020
Jiangsu,631,0,543,33.0000001,119.9999999,02-03-2020
Jiangsu,631,0,562,33.0000001,119.9999999,03-03-2020
Jiangsu,631,0,577,33.0000001,119.9999999,04-03-2020
Jiangsu,631,0,583,33.0000001,119.9999999,05-03-2020
Jiangsu,631,0,594,33.0000001,119.9999999,06-03-2020
Jiangsu,631,0,606,33.0000001,119.9999999,07-03-2020
Jiangsu,631,0,612,33.0000001,119.9999999,08-03-2020
Jiangsu,631,0,621,33.0000001,119.9999999,09-03-2020
Jiangsu,631,0,627,33.0000001,119.9999999,10-03-2020
Jiangsu,631,0,627,33.0000001,119.9999999,11-03-2020
Jiangsu,631,0,629,33.0000001,119.9999999,12-03-2020
Jiangsu,631,0,630,33.0000001,119.9999999,13-03-2020
Jiangsu,631,0,630,33.0000001,119.9999999,14-03-2020
Jiangsu,631,0,631,33.0000001,119.9999999,15-03-2020
Jiangxi,2,0,0,28,116,22-01-2020
Jiangxi,7,0,0,28,116,23-01-2020
Jiangxi,18,0,0,28,116,24-01-2020
Jiangxi,18,0,0,28,116,25-01-2020
Jiangxi,36,0,0,28,116,26-01-2020
Jiangxi,72,0,2,28,116,27-01-2020
Jiangxi,109,0,3,28,116,28-01-2020
Jiangxi,109,0,3,28,116,29-01-2020
Jiangxi,162,0,5,28,116,30-01-2020
Jiangxi,240,0,7,28,116,31-01-2020
Jiangxi,286,0,9,28,116,01-02-2020
Jiangxi,333,0,12,28,116,02-02-2020
Jiangxi,391,0,18,28,116,03-02-2020
Jiangxi,476,0,20,28,116,04-02-2020
Jiangxi,548,0,27,28,116,05-02-2020
Jiangxi,600,0,37,28,116,06-02-2020
Jiangxi,661,0,45,28,116,07-02-2020
Jiangxi,698,0,55,28,116,08-02-2020
Jiangxi,740,0,73,28,116,09-02-2020
Jiangxi,771,1,105,28,116,10-02-2020
Jiangxi,804,1,128,28,116,11-02-2020
Jiangxi,844,1,152,28,116,12-02-2020
Jiangxi,872,1,170,28,116,13-02-2020
Jiangxi,900,1,187,28,116,14-02-2020
Jiangxi,913,1,210,28,116,15-02-2020
Jiangxi,925,1,240,28,116,16-02-2020
Jiangxi,930,1,275,28,116,17-02-2020
Jiangxi,933,1,310,28,116,18-02-2020
Jiangxi,934,1,362,28,116,19-02-2020
Jiangxi,934,1,433,28,116,20-02-2020
Jiangxi,934,1,489,28,116,21-02-2020
Jiangxi,934,1,555,28,116,22-02-2020
Jiangxi,934,1,613,28,116,23-02-2020
Jiangxi,934,1,645,28,116,24-02-2020
Jiangxi,934,1,683,28,116,25-02-2020
Jiangxi,934,1,719,28,116,26-02-2020
Jiangxi,934,1,754,28,116,27-02-2020
Jiangxi,935,1,790,28,116,28-02-2020
Jiangxi,935,1,811,28,116,29-02-2020
Jiangxi,935,1,831,28,116,01-03-2020
Jiangxi,935,1,850,28,116,02-03-2020
Jiangxi,935,1,870,28,116,03-03-2020
Jiangxi,935,1,884,28,116,04-03-2020
Jiangxi,935,1,901,28,116,05-03-2020
Jiangxi,935,1,909,28,116,06-03-2020
Jiangxi,935,1,916,28,116,07-03-2020
Jiangxi,935,1,919,28,116,08-03-2020
Jiangxi,935,1,923,28,116,09-03-2020
Jiangxi,935,1,927,28,116,10-03-2020
Jiangxi,935,1,932,28,116,11-03-2020
Jiangxi,935,1,934,28,116,12-03-2020
Jiangxi,935,1,934,28,116,13-03-2020
Jiangxi,935,1,934,28,116,14-03-2020
Jiangxi,935,1,934,28,116,15-03-2020
Jilin,0,0,0,42.9995032,125.9816054,22-01-2020
Jilin,1,0,0,42.9995032,125.9816054,23-01-2020
Jilin,3,0,0,42.9995032,125.9816054,24-01-2020
Jilin,4,0,0,42.9995032,125.9816054,25-01-2020
Jilin,4,0,0,42.9995032,125.9816054,26-01-2020
Jilin,6,0,0,42.9995032,125.9816054,27-01-2020
Jilin,8,0,0,42.9995032,125.9816054,28-01-2020
Jilin,9,0,0,42.9995032,125.9816054,29-01-2020
Jilin,14,0,1,42.9995032,125.9816054,30-01-2020
Jilin,14,0,1,42.9995032,125.9816054,31-01-2020
Jilin,17,0,1,42.9995032,125.9816054,01-02-2020
Jilin,23,0,1,42.9995032,125.9816054,02-02-2020
Jilin,31,0,1,42.9995032,125.9816054,03-02-2020
Jilin,42,0,1,42.9995032,125.9816054,04-02-2020
Jilin,54,0,2,42.9995032,125.9816054,05-02-2020
Jilin,59,0,4,42.9995032,125.9816054,06-02-2020
Jilin,65,1,4,42.9995032,125.9816054,07-02-2020
Jilin,69,1,4,42.9995032,125.9816054,08-02-2020
Jilin,78,1,12,42.9995032,125.9816054,09-02-2020
Jilin,80,1,13,42.9995032,125.9816054,10-02-2020
Jilin,81,1,18,42.9995032,125.9816054,11-02-2020
Jilin,83,1,22,42.9995032,125.9816054,12-02-2020
Jilin,84,1,24,42.9995032,125.9816054,13-02-2020
Jilin,86,1,25,42.9995032,125.9816054,14-02-2020
Jilin,88,1,26,42.9995032,125.9816054,15-02-2020
Jilin,89,1,30,42.9995032,125.9816054,16-02-2020
Jilin,89,1,34,42.9995032,125.9816054,17-02-2020
Jilin,89,1,36,42.9995032,125.9816054,18-02-2020
Jilin,90,1,37,42.9995032,125.9816054,19-02-2020
Jilin,91,1,43,42.9995032,125.9816054,20-02-2020
Jilin,91,1,45,42.9995032,125.9816054,21-02-2020
Jilin,91,1,52,42.9995032,125.9816054,22-02-2020
Jilin,91,1,54,42.9995032,125.9816054,23-02-2020
Jilin,93,1,60,42.9995032,125.9816054,24-02-2020
Jilin,93,1,63,42.9995032,125.9816054,25-02-2020
Jilin,93,1,65,42.9995032,125.9816054,26-02-2020
Jilin,93,1,67,42.9995032,125.9816054,27-02-2020
Jilin,93,1,73,42.9995032,125.9816054,28-02-2020
Jilin,93,1,75,42.9995032,125.9816054,29-02-2020
Jilin,93,1,78,42.9995032,125.9816054,01-03-2020
Jilin,93,1,83,42.9995032,125.9816054,02-03-2020
Jilin,93,1,83,42.9995032,125.9816054,03-03-2020
Jilin,93,1,86,42.9995032,125.9816054,04-03-2020
Jilin,93,1,88,42.9995032,125.9816054,05-03-2020
Jilin,93,1,90,42.9995032,125.9816054,06-03-2020
Jilin,93,1,90,42.9995032,125.9816054,07-03-2020
Jilin,93,1,90,42.9995032,125.9816054,08-03-2020
Jilin,93,1,91,42.9995032,125.9816054,09-03-2020
Jilin,93,1,91,42.9995032,125.9816054,10-03-2020
Jilin,93,1,91,42.9995032,125.9816054,11-03-2020
Jilin,93,1,91,42.9995032,125.9816054,12-03-2020
Jilin,93,1,91,42.9995032,125.9816054,13-03-2020
Jilin,93,1,91,42.9995032,125.9816054,14-03-2020
Jilin,93,1,91,42.9995032,125.9816054,15-03-2020
Liaoning,2,0,0,40.9975197,122.9955469,22-01-2020
Liaoning,3,0,0,40.9975197,122.9955469,23-01-2020
Liaoning,4,0,0,40.9975197,122.9955469,24-01-2020
Liaoning,17,0,0,40.9975197,122.9955469,25-01-2020
Liaoning,21,0,0,40.9975197,122.9955469,26-01-2020
Liaoning,27,0,0,40.9975197,122.9955469,27-01-2020
Liaoning,34,0,0,40.9975197,122.9955469,28-01-2020
Liaoning,39,0,1,40.9975197,122.9955469,29-01-2020
Liaoning,41,0,1,40.9975197,122.9955469,30-01-2020
Liaoning,48,0,1,40.9975197,122.9955469,31-01-2020
Liaoning,64,0,1,40.9975197,122.9955469,01-02-2020
Liaoning,70,0,1,40.9975197,122.9955469,02-02-2020
Liaoning,74,0,1,40.9975197,122.9955469,03-02-2020
Liaoning,81,0,2,40.9975197,122.9955469,04-02-2020
Liaoning,89,0,4,40.9975197,122.9955469,05-02-2020
Liaoning,94,0,5,40.9975197,122.9955469,06-02-2020
Liaoning,99,0,7,40.9975197,122.9955469,07-02-2020
Liaoning,105,0,8,40.9975197,122.9955469,08-02-2020
Liaoning,107,0,12,40.9975197,122.9955469,09-02-2020
Liaoning,108,0,13,40.9975197,122.9955469,10-02-2020
Liaoning,111,0,19,40.9975197,122.9955469,11-02-2020
Liaoning,116,1,20,40.9975197,122.9955469,12-02-2020
Liaoning,117,1,22,40.9975197,122.9955469,13-02-2020
Liaoning,119,1,29,40.9975197,122.9955469,14-02-2020
Liaoning,119,1,31,40.9975197,122.9955469,15-02-2020
Liaoning,121,1,40,40.9975197,122.9955469,16-02-2020
Liaoning,121,1,43,40.9975197,122.9955469,17-02-2020
Liaoning,121,1,53,40.9975197,122.9955469,18-02-2020
Liaoning,121,1,55,40.9975197,122.9955469,19-02-2020
Liaoning,121,1,59,40.9975197,122.9955469,20-02-2020
Liaoning,121,1,61,40.9975197,122.9955469,21-02-2020
Liaoning,121,1,66,40.9975197,122.9955469,22-02-2020
Liaoning,121,1,73,40.9975197,122.9955469,23-02-2020
Liaoning,121,1,80,40.9975197,122.9955469,24-02-2020
Liaoning,121,1,83,40.9975197,122.9955469,25-02-2020
Liaoning,121,1,88,40.9975197,122.9955469,26-02-2020
Liaoning,121,1,93,40.9975197,122.9955469,27-02-2020
Liaoning,121,1,93,40.9975197,122.9955469,28-02-2020
Liaoning,121,1,96,40.9975197,122.9955469,29-02-2020
Liaoning,122,1,103,40.9975197,122.9955469,01-03-2020
Liaoning,122,1,103,40.9975197,122.9955469,02-03-2020
Liaoning,125,1,106,40.9975197,122.9955469,03-03-2020
Liaoning,125,1,106,40.9975197,122.9955469,04-03-2020
Liaoning,125,1,106,40.9975197,122.9955469,05-03-2020
Liaoning,125,1,106,40.9975197,122.9955469,06-03-2020
Liaoning,125,1,107,40.9975197,122.9955469,07-03-2020
Liaoning,125,1,109,40.9975197,122.9955469,08-03-2020
Liaoning,125,1,109,40.9975197,122.9955469,09-03-2020
Liaoning,125,1,111,40.9975197,122.9955469,10-03-2020
Liaoning,125,1,111,40.9975197,122.9955469,11-03-2020
Liaoning,125,1,112,40.9975197,122.9955469,12-03-2020
Liaoning,125,1,112,40.9975197,122.9955469,13-03-2020
Liaoning,125,1,113,40.9975197,122.9955469,14-03-2020
Liaoning,125,1,114,40.9975197,122.9955469,15-03-2020
Ningxia,1,0,0,37.0000001,105.9999999,22-01-2020
Ningxia,1,0,0,37.0000001,105.9999999,23-01-2020
Ningxia,2,0,0,37.0000001,105.9999999,24-01-2020
Ningxia,3,0,0,37.0000001,105.9999999,25-01-2020
Ningxia,4,0,0,37.0000001,105.9999999,26-01-2020
Ningxia,7,0,0,37.0000001,105.9999999,27-01-2020
Ningxia,11,0,0,37.0000001,105.9999999,28-01-2020
Ningxia,12,0,0,37.0000001,105.9999999,29-01-2020
Ningxia,17,0,0,37.0000001,105.9999999,30-01-2020
Ningxia,21,0,0,37.0000001,105.9999999,31-01-2020
Ningxia,26,0,0,37.0000001,105.9999999,01-02-2020
Ningxia,28,0,0,37.0000001,105.9999999,02-02-2020
Ningxia,31,0,1,37.0000001,105.9999999,03-02-2020
Ningxia,34,0,1,37.0000001,105.9999999,04-02-2020
Ningxia,34,0,1,37.0000001,105.9999999,05-02-2020
Ningxia,40,0,1,37.0000001,105.9999999,06-02-2020
Ningxia,43,0,5,37.0000001,105.9999999,07-02-2020
Ningxia,45,0,15,37.0000001,105.9999999,08-02-2020
Ningxia,45,0,13,37.0000001,105.9999999,09-02-2020
Ningxia,49,0,13,37.0000001,105.9999999,10-02-2020
Ningxia,53,0,22,37.0000001,105.9999999,11-02-2020
Ningxia,58,0,24,37.0000001,105.9999999,12-02-2020
Ningxia,64,0,24,37.0000001,105.9999999,13-02-2020
Ningxia,67,0,24,37.0000001,105.9999999,14-02-2020
Ningxia,70,0,33,37.0000001,105.9999999,15-02-2020
Ningxia,70,0,33,37.0000001,105.9999999,16-02-2020
Ningxia,70,0,35,37.0000001,105.9999999,17-02-2020
Ningxia,70,0,42,37.0000001,105.9999999,18-02-2020
Ningxia,71,0,42,37.0000001,105.9999999,19-02-2020
Ningxia,71,0,44,37.0000001,105.9999999,20-02-2020
Ningxia,71,0,48,37.0000001,105.9999999,21-02-2020
Ningxia,71,0,48,37.0000001,105.9999999,22-02-2020
Ningxia,71,0,56,37.0000001,105.9999999,23-02-2020
Ningxia,71,0,58,37.0000001,105.9999999,24-02-2020
Ningxia,71,0,61,37.0000001,105.9999999,25-02-2020
Ningxia,71,0,65,37.0000001,105.9999999,26-02-2020
Ningxia,72,0,68,37.0000001,105.9999999,27-02-2020
Ningxia,72,0,68,37.0000001,105.9999999,28-02-2020
Ningxia,73,0,69,37.0000001,105.9999999,29-02-2020
Ningxia,73,0,69,37.0000001,105.9999999,01-03-2020
Ningxia,74,0,69,37.0000001,105.9999999,02-03-2020
Ningxia,74,0,69,37.0000001,105.9999999,03-03-2020
Ningxia,75,0,69,37.0000001,105.9999999,04-03-2020
Ningxia,75,0,69,37.0000001,105.9999999,05-03-2020
Ningxia,75,0,71,37.0000001,105.9999999,06-03-2020
Ningxia,75,0,71,37.0000001,105.9999999,07-03-2020
Ningxia,75,0,71,37.0000001,105.9999999,08-03-2020
Ningxia,75,0,71,37.0000001,105.9999999,09-03-2020
Ningxia,75,0,71,37.0000001,105.9999999,10-03-2020
Ningxia,75,0,72,37.0000001,105.9999999,11-03-2020
Ningxia,75,0,72,37.0000001,105.9999999,12-03-2020
Ningxia,75,0,72,37.0000001,105.9999999,13-03-2020
Ningxia,75,0,73,37.0000001,105.9999999,14-03-2020
Ningxia,75,0,73,37.0000001,105.9999999,15-03-2020
Qinghai,0,0,0,35.40709525,95.95211573,22-01-2020
Qinghai,0,0,0,35.40709525,95.95211573,23-01-2020
Qinghai,0,0,0,35.40709525,95.95211573,24-01-2020
Qinghai,1,0,0,35.40709525,95.95211573,25-01-2020
Qinghai,1,0,0,35.40709525,95.95211573,26-01-2020
Qinghai,6,0,0,35.40709525,95.95211573,27-01-2020
Qinghai,6,0,0,35.40709525,95.95211573,28-01-2020
Qinghai,6,0,0,35.40709525,95.95211573,29-01-2020
Qinghai,8,0,0,35.40709525,95.95211573,30-01-2020
Qinghai,8,0,0,35.40709525,95.95211573,31-01-2020
Qinghai,9,0,0,35.40709525,95.95211573,01-02-2020
Qinghai,11,0,0,35.40709525,95.95211573,02-02-2020
Qinghai,13,0,0,35.40709525,95.95211573,03-02-2020
Qinghai,15,0,0,35.40709525,95.95211573,04-02-2020
Qinghai,17,0,3,35.40709525,95.95211573,05-02-2020
Qinghai,18,0,3,35.40709525,95.95211573,06-02-2020
Qinghai,18,0,3,35.40709525,95.95211573,07-02-2020
Qinghai,18,0,3,35.40709525,95.95211573,08-02-2020
Qinghai,18,0,3,35.40709525,95.95211573,09-02-2020
Qinghai,18,0,3,35.40709525,95.95211573,10-02-2020
Qinghai,18,0,5,35.40709525,95.95211573,11-02-2020
Qinghai,18,0,9,35.40709525,95.95211573,12-02-2020
Qinghai,18,0,11,35.40709525,95.95211573,13-02-2020
Qinghai,18,0,11,35.40709525,95.95211573,14-02-2020
Qinghai,18,0,13,35.40709525,95.95211573,15-02-2020
Qinghai,18,0,13,35.40709525,95.95211573,16-02-2020
Qinghai,18,0,13,35.40709525,95.95211573,17-02-2020
Qinghai,18,0,15,35.40709525,95.95211573,18-02-2020
Qinghai,18,0,16,35.40709525,95.95211573,19-02-2020
Qinghai,18,0,16,35.40709525,95.95211573,20-02-2020
Qinghai,18,0,18,35.40709525,95.95211573,21-02-2020
Qinghai,18,0,18,35.40709525,95.95211573,22-02-2020
Qinghai,18,0,18,35.40709525,95.95211573,23-02-2020
Qinghai,18,0,18,35.40709525,95.95211573,24-02-2020
Qinghai,18,0,18,35.40709525,95.95211573,25-02-2020
Qinghai,18,0,18,35.40709525,95.95211573,26-02-2020
Qinghai,18,0,18,35.40709525,95.95211573,27-02-2020
Qinghai,18,0,18,35.40709525,95.95211573,28-02-2020
Qinghai,18,0,18,35.40709525,95.95211573,29-02-2020
Qinghai,18,0,18,35.40709525,95.95211573,01-03-2020
Qinghai,18,0,18,35.40709525,95.95211573,02-03-2020
Qinghai,18,0,18,35.40709525,95.95211573,03-03-2020
Qinghai,18,0,18,35.40709525,95.95211573,04-03-2020
Qinghai,18,0,18,35.40709525,95.95211573,05-03-2020
Qinghai,18,0,18,35.40709525,95.95211573,06-03-2020
Qinghai,18,0,18,35.40709525,95.95211573,07-03-2020
Qinghai,18,0,18,35.40709525,95.95211573,08-03-2020
Qinghai,18,0,18,35.40709525,95.95211573,09-03-2020
Qinghai,18,0,18,35.40709525,95.95211573,10-03-2020
Qinghai,18,0,18,35.40709525,95.95211573,11-03-2020
Qinghai,18,0,18,35.40709525,95.95211573,12-03-2020
Qinghai,18,0,18,35.40709525,95.95211573,13-03-2020
Qinghai,18,0,18,35.40709525,95.95211573,14-03-2020
Qinghai,18,0,18,35.40709525,95.95211573,15-03-2020
Shaanxi,0,0,0,36,109,22-01-2020
Shaanxi,3,0,0,36,109,23-01-2020
Shaanxi,5,0,0,36,109,24-01-2020
Shaanxi,15,0,0,36,109,25-01-2020
Shaanxi,22,0,0,36,109,26-01-2020
Shaanxi,35,0,0,36,109,27-01-2020
Shaanxi,46,0,0,36,109,28-01-2020
Shaanxi,56,0,0,36,109,29-01-2020
Shaanxi,63,0,0,36,109,30-01-2020
Shaanxi,87,0,0,36,109,31-01-2020
Shaanxi,101,0,0,36,109,01-02-2020
Shaanxi,116,0,0,36,109,02-02-2020
Shaanxi,128,0,0,36,109,03-02-2020
Shaanxi,142,0,2,36,109,04-02-2020
Shaanxi,165,0,6,36,109,05-02-2020
Shaanxi,173,0,9,36,109,06-02-2020
Shaanxi,184,0,17,36,109,07-02-2020
Shaanxi,195,0,20,36,109,08-02-2020
Shaanxi,208,0,25,36,109,09-02-2020
Shaanxi,213,0,30,36,109,10-02-2020
Shaanxi,219,0,32,36,109,11-02-2020
Shaanxi,225,0,43,36,109,12-02-2020
Shaanxi,229,0,46,36,109,13-02-2020
Shaanxi,230,0,54,36,109,14-02-2020
Shaanxi,232,0,60,36,109,15-02-2020
Shaanxi,236,0,71,36,109,16-02-2020
Shaanxi,240,0,79,36,109,17-02-2020
Shaanxi,240,0,89,36,109,18-02-2020
Shaanxi,242,0,102,36,109,19-02-2020
Shaanxi,245,1,118,36,109,20-02-2020
Shaanxi,245,1,134,36,109,21-02-2020
Shaanxi,245,1,149,36,109,22-02-2020
Shaanxi,245,1,163,36,109,23-02-2020
Shaanxi,245,1,173,36,109,24-02-2020
Shaanxi,245,1,186,36,109,25-02-2020
Shaanxi,245,1,192,36,109,26-02-2020
Shaanxi,245,1,195,36,109,27-02-2020
Shaanxi,245,1,199,36,109,28-02-2020
Shaanxi,245,1,207,36,109,29-02-2020
Shaanxi,245,1,208,36,109,01-03-2020
Shaanxi,245,1,216,36,109,02-03-2020
Shaanxi,245,1,216,36,109,03-03-2020
Shaanxi,245,1,223,36,109,04-03-2020
Shaanxi,245,1,224,36,109,05-03-2020
Shaanxi,245,1,226,36,109,06-03-2020
Shaanxi,245,1,226,36,109,07-03-2020
Shaanxi,245,1,227,36,109,08-03-2020
Shaanxi,245,1,227,36,109,09-03-2020
Shaanxi,245,1,227,36,109,10-03-2020
Shaanxi,245,1,232,36,109,11-03-2020
Shaanxi,245,2,232,36,109,12-03-2020
Shaanxi,245,2,232,36,109,13-03-2020
Shaanxi,245,2,232,36,109,14-03-2020
Shaanxi,245,2,232,36,109,15-03-2020
Shandong,2,0,0,36.0000001,118.9999999,22-01-2020
Shandong,6,0,0,36.0000001,118.9999999,23-01-2020
Shandong,15,0,0,36.0000001,118.9999999,24-01-2020
Shandong,27,0,0,36.0000001,118.9999999,25-01-2020
Shandong,46,0,0,36.0000001,118.9999999,26-01-2020
Shandong,75,0,0,36.0000001,118.9999999,27-01-2020
Shandong,95,0,0,36.0000001,118.9999999,28-01-2020
Shandong,130,0,1,36.0000001,118.9999999,29-01-2020
Shandong,158,0,1,36.0000001,118.9999999,30-01-2020
Shandong,184,0,2,36.0000001,118.9999999,31-01-2020
Shandong,206,0,3,36.0000001,118.9999999,01-02-2020
Shandong,230,0,6,36.0000001,118.9999999,02-02-2020
Shandong,259,0,7,36.0000001,118.9999999,03-02-2020
Shandong,275,0,11,36.0000001,118.9999999,04-02-2020
Shandong,307,0,15,36.0000001,118.9999999,05-02-2020
Shandong,347,0,27,36.0000001,118.9999999,06-02-2020
Shandong,386,0,37,36.0000001,118.9999999,07-02-2020
Shandong,416,0,44,36.0000001,118.9999999,08-02-2020
Shandong,444,1,63,36.0000001,118.9999999,09-02-2020
Shandong,466,1,66,36.0000001,118.9999999,10-02-2020
Shandong,487,1,80,36.0000001,118.9999999,11-02-2020
Shandong,497,2,92,36.0000001,118.9999999,12-02-2020
Shandong,509,2,105,36.0000001,118.9999999,13-02-2020
Shandong,523,2,136,36.0000001,118.9999999,14-02-2020
Shandong,532,2,156,36.0000001,118.9999999,15-02-2020
Shandong,537,2,173,36.0000001,118.9999999,16-02-2020
Shandong,541,2,191,36.0000001,118.9999999,17-02-2020
Shandong,543,3,211,36.0000001,118.9999999,18-02-2020
Shandong,544,3,231,36.0000001,118.9999999,19-02-2020
Shandong,546,4,254,36.0000001,118.9999999,20-02-2020
Shandong,749,4,281,36.0000001,118.9999999,21-02-2020
Shandong,750,4,302,36.0000001,118.9999999,22-02-2020
Shandong,754,4,321,36.0000001,118.9999999,23-02-2020
Shandong,755,5,343,36.0000001,118.9999999,24-02-2020
Shandong,756,6,355,36.0000001,118.9999999,25-02-2020
Shandong,756,6,377,36.0000001,118.9999999,26-02-2020
Shandong,756,6,387,36.0000001,118.9999999,27-02-2020
Shandong,756,6,405,36.0000001,118.9999999,28-02-2020
Shandong,756,6,421,36.0000001,118.9999999,29-02-2020
Shandong,758,6,443,36.0000001,118.9999999,01-03-2020
Shandong,758,6,460,36.0000001,118.9999999,02-03-2020
Shandong,758,6,511,36.0000001,118.9999999,03-03-2020
Shandong,758,6,516,36.0000001,118.9999999,04-03-2020
Shandong,758,6,578,36.0000001,118.9999999,05-03-2020
Shandong,758,6,618,36.0000001,118.9999999,06-03-2020
Shandong,758,6,627,36.0000001,118.9999999,07-03-2020
Shandong,758,6,642,36.0000001,118.9999999,08-03-2020
Shandong,758,6,700,36.0000001,118.9999999,09-03-2020
Shandong,758,6,719,36.0000001,118.9999999,10-03-2020
Shandong,760,6,726,36.0000001,118.9999999,11-03-2020
Shandong,760,6,734,36.0000001,118.9999999,12-03-2020
Shandong,760,7,739,36.0000001,118.9999999,13-03-2020
Shandong,760,7,741,36.0000001,118.9999999,14-03-2020
Shandong,760,7,741,36.0000001,118.9999999,15-03-2020
Shanghai,9,0,0,31.2322758,121.4692071,22-01-2020
Shanghai,16,0,0,31.2322758,121.4692071,23-01-2020
Shanghai,20,0,1,31.2322758,121.4692071,24-01-2020
Shanghai,33,0,1,31.2322758,121.4692071,25-01-2020
Shanghai,40,1,1,31.2322758,121.4692071,26-01-2020
Shanghai,53,1,3,31.2322758,121.4692071,27-01-2020
Shanghai,66,1,4,31.2322758,121.4692071,28-01-2020
Shanghai,96,1,5,31.2322758,121.4692071,29-01-2020
Shanghai,112,1,5,31.2322758,121.4692071,30-01-2020
Shanghai,135,1,9,31.2322758,121.4692071,31-01-2020
Shanghai,169,1,10,31.2322758,121.4692071,01-02-2020
Shanghai,182,1,10,31.2322758,121.4692071,02-02-2020
Shanghai,203,1,10,31.2322758,121.4692071,03-02-2020
Shanghai,219,1,12,31.2322758,121.4692071,04-02-2020
Shanghai,243,1,15,31.2322758,121.4692071,05-02-2020
Shanghai,257,1,25,31.2322758,121.4692071,06-02-2020
Shanghai,277,1,30,31.2322758,121.4692071,07-02-2020
Shanghai,286,1,41,31.2322758,121.4692071,08-02-2020
Shanghai,293,1,44,31.2322758,121.4692071,09-02-2020
Shanghai,299,1,48,31.2322758,121.4692071,10-02-2020
Shanghai,303,1,52,31.2322758,121.4692071,11-02-2020
Shanghai,311,1,57,31.2322758,121.4692071,12-02-2020
Shanghai,315,1,62,31.2322758,121.4692071,13-02-2020
Shanghai,318,1,90,31.2322758,121.4692071,14-02-2020
Shanghai,326,1,124,31.2322758,121.4692071,15-02-2020
Shanghai,328,1,140,31.2322758,121.4692071,16-02-2020
Shanghai,333,1,161,31.2322758,121.4692071,17-02-2020
Shanghai,333,1,177,31.2322758,121.4692071,18-02-2020
Shanghai,333,2,186,31.2322758,121.4692071,19-02-2020
Shanghai,334,2,199,31.2322758,121.4692071,20-02-2020
Shanghai,334,2,211,31.2322758,121.4692071,21-02-2020
Shanghai,335,3,227,31.2322758,121.4692071,22-02-2020
Shanghai,335,3,249,31.2322758,121.4692071,23-02-2020
Shanghai,335,3,261,31.2322758,121.4692071,24-02-2020
Shanghai,336,3,268,31.2322758,121.4692071,25-02-2020
Shanghai,337,3,272,31.2322758,121.4692071,26-02-2020
Shanghai,337,3,276,31.2322758,121.4692071,27-02-2020
Shanghai,337,3,279,31.2322758,121.4692071,28-02-2020
Shanghai,337,3,287,31.2322758,121.4692071,29-02-2020
Shanghai,337,3,290,31.2322758,121.4692071,01-03-2020
Shanghai,337,3,292,31.2322758,121.4692071,02-03-2020
Shanghai,338,3,294,31.2322758,121.4692071,03-03-2020
Shanghai,338,3,298,31.2322758,121.4692071,04-03-2020
Shanghai,339,3,303,31.2322758,121.4692071,05-03-2020
Shanghai,342,3,306,31.2322758,121.4692071,06-03-2020
Shanghai,342,3,313,31.2322758,121.4692071,07-03-2020
Shanghai,342,3,314,31.2322758,121.4692071,08-03-2020
Shanghai,342,3,315,31.2322758,121.4692071,09-03-2020
Shanghai,344,3,319,31.2322758,121.4692071,10-03-2020
Shanghai,344,3,320,31.2322758,121.4692071,11-03-2020
Shanghai,344,3,321,31.2322758,121.4692071,12-03-2020
Shanghai,346,3,324,31.2322758,121.4692071,13-03-2020
Shanghai,353,3,324,31.2322758,121.4692071,14-03-2020
Shanghai,353,3,324,31.2322758,121.4692071,15-03-2020
Shanxi,1,0,0,37,112,22-01-2020
Shanxi,1,0,0,37,112,23-01-2020
Shanxi,1,0,0,37,112,24-01-2020
Shanxi,6,0,0,37,112,25-01-2020
Shanxi,9,0,0,37,112,26-01-2020
Shanxi,13,0,0,37,112,27-01-2020
Shanxi,27,0,0,37,112,28-01-2020
Shanxi,27,0,1,37,112,29-01-2020
Shanxi,35,0,1,37,112,30-01-2020
Shanxi,39,0,1,37,112,31-01-2020
Shanxi,47,0,1,37,112,01-02-2020
Shanxi,66,0,3,37,112,02-02-2020
Shanxi,74,0,2,37,112,03-02-2020
Shanxi,81,0,4,37,112,04-02-2020
Shanxi,81,0,5,37,112,05-02-2020
Shanxi,96,0,12,37,112,06-02-2020
Shanxi,104,0,15,37,112,07-02-2020
Shanxi,115,0,21,37,112,08-02-2020
Shanxi,119,0,25,37,112,09-02-2020
Shanxi,119,0,25,37,112,10-02-2020
Shanxi,124,0,30,37,112,11-02-2020
Shanxi,126,0,33,37,112,12-02-2020
Shanxi,126,0,36,37,112,13-02-2020
Shanxi,127,0,38,37,112,14-02-2020
Shanxi,128,0,46,37,112,15-02-2020
Shanxi,129,0,50,37,112,16-02-2020
Shanxi,130,0,53,37,112,17-02-2020
Shanxi,131,0,61,37,112,18-02-2020
Shanxi,131,0,68,37,112,19-02-2020
Shanxi,132,0,76,37,112,20-02-2020
Shanxi,132,0,78,37,112,21-02-2020
Shanxi,132,0,81,37,112,22-02-2020
Shanxi,132,0,88,37,112,23-02-2020
Shanxi,133,0,94,37,112,24-02-2020
Shanxi,133,0,98,37,112,25-02-2020
Shanxi,133,0,104,37,112,26-02-2020
Shanxi,133,0,107,37,112,27-02-2020
Shanxi,133,0,112,37,112,28-02-2020
Shanxi,133,0,114,37,112,29-02-2020
Shanxi,133,0,116,37,112,01-03-2020
Shanxi,133,0,119,37,112,02-03-2020
Shanxi,133,0,124,37,112,03-03-2020
Shanxi,133,0,124,37,112,04-03-2020
Shanxi,133,0,126,37,112,05-03-2020
Shanxi,133,0,126,37,112,06-03-2020
Shanxi,133,0,126,37,112,07-03-2020
Shanxi,133,0,126,37,112,08-03-2020
Shanxi,133,0,127,37,112,09-03-2020
Shanxi,133,0,131,37,112,10-03-2020
Shanxi,133,0,131,37,112,11-03-2020
Shanxi,133,0,132,37,112,12-03-2020
Shanxi,133,0,133,37,112,13-03-2020
Shanxi,133,0,133,37,112,14-03-2020
Shanxi,133,0,133,37,112,15-03-2020
Sichuan,5,0,0,30.5000001,102.4999999,22-01-2020
Sichuan,8,0,0,30.5000001,102.4999999,23-01-2020
Sichuan,15,0,0,30.5000001,102.4999999,24-01-2020
Sichuan,28,0,0,30.5000001,102.4999999,25-01-2020
Sichuan,44,0,0,30.5000001,102.4999999,26-01-2020
Sichuan,69,0,0,30.5000001,102.4999999,27-01-2020
Sichuan,90,0,0,30.5000001,102.4999999,28-01-2020
Sichuan,108,1,1,30.5000001,102.4999999,29-01-2020
Sichuan,142,1,1,30.5000001,102.4999999,30-01-2020
Sichuan,177,1,1,30.5000001,102.4999999,31-01-2020
Sichuan,207,1,3,30.5000001,102.4999999,01-02-2020
Sichuan,231,1,11,30.5000001,102.4999999,02-02-2020
Sichuan,254,1,14,30.5000001,102.4999999,03-02-2020
Sichuan,282,1,14,30.5000001,102.4999999,04-02-2020
Sichuan,301,1,24,30.5000001,102.4999999,05-02-2020
Sichuan,321,1,31,30.5000001,102.4999999,06-02-2020
Sichuan,344,1,42,30.5000001,102.4999999,07-02-2020
Sichuan,364,1,60,30.5000001,102.4999999,08-02-2020
Sichuan,386,1,71,30.5000001,102.4999999,09-02-2020
Sichuan,405,1,80,30.5000001,102.4999999,10-02-2020
Sichuan,417,1,85,30.5000001,102.4999999,11-02-2020
Sichuan,436,1,92,30.5000001,102.4999999,12-02-2020
Sichuan,451,1,104,30.5000001,102.4999999,13-02-2020
Sichuan,463,1,114,30.5000001,102.4999999,14-02-2020
Sichuan,470,1,119,30.5000001,102.4999999,15-02-2020
Sichuan,481,3,131,30.5000001,102.4999999,16-02-2020
Sichuan,495,3,156,30.5000001,102.4999999,17-02-2020
Sichuan,508,3,169,30.5000001,102.4999999,18-02-2020
Sichuan,514,3,188,30.5000001,102.4999999,19-02-2020
Sichuan,520,3,217,30.5000001,102.4999999,20-02-2020
Sichuan,525,3,231,30.5000001,102.4999999,21-02-2020
Sichuan,526,3,250,30.5000001,102.4999999,22-02-2020
Sichuan,526,3,261,30.5000001,102.4999999,23-02-2020
Sichuan,527,3,276,30.5000001,102.4999999,24-02-2020
Sichuan,529,3,289,30.5000001,102.4999999,25-02-2020
Sichuan,531,3,307,30.5000001,102.4999999,26-02-2020
Sichuan,534,3,321,30.5000001,102.4999999,27-02-2020
Sichuan,538,3,338,30.5000001,102.4999999,28-02-2020
Sichuan,538,3,351,30.5000001,102.4999999,29-02-2020
Sichuan,538,3,365,30.5000001,102.4999999,01-03-2020
Sichuan,538,3,386,30.5000001,102.4999999,02-03-2020
Sichuan,538,3,394,30.5000001,102.4999999,03-03-2020
Sichuan,538,3,406,30.5000001,102.4999999,04-03-2020
Sichuan,539,3,425,30.5000001,102.4999999,05-03-2020
Sichuan,539,3,442,30.5000001,102.4999999,06-03-2020
Sichuan,539,3,454,30.5000001,102.4999999,07-03-2020
Sichuan,539,3,464,30.5000001,102.4999999,08-03-2020
Sichuan,539,3,466,30.5000001,102.4999999,09-03-2020
Sichuan,539,3,478,30.5000001,102.4999999,10-03-2020
Sichuan,539,3,488,30.5000001,102.4999999,11-03-2020
Sichuan,539,3,498,30.5000001,102.4999999,12-03-2020
Sichuan,539,3,503,30.5000001,102.4999999,13-03-2020
Sichuan,539,3,511,30.5000001,102.4999999,14-03-2020
Sichuan,539,3,516,30.5000001,102.4999999,15-03-2020
Tianjin,4,0,0,39.1235635,117.1980785,22-01-2020
Tianjin,4,0,0,39.1235635,117.1980785,23-01-2020
Tianjin,8,0,0,39.1235635,117.1980785,24-01-2020
Tianjin,10,0,0,39.1235635,117.1980785,25-01-2020
Tianjin,14,0,0,39.1235635,117.1980785,26-01-2020
Tianjin,23,0,0,39.1235635,117.1980785,27-01-2020
Tianjin,24,0,0,39.1235635,117.1980785,28-01-2020
Tianjin,27,0,0,39.1235635,117.1980785,29-01-2020
Tianjin,31,0,0,39.1235635,117.1980785,30-01-2020
Tianjin,32,0,0,39.1235635,117.1980785,31-01-2020
Tianjin,41,0,0,39.1235635,117.1980785,01-02-2020
Tianjin,48,0,1,39.1235635,117.1980785,02-02-2020
Tianjin,60,0,1,39.1235635,117.1980785,03-02-2020
Tianjin,67,0,2,39.1235635,117.1980785,04-02-2020
Tianjin,69,1,2,39.1235635,117.1980785,05-02-2020
Tianjin,79,1,2,39.1235635,117.1980785,06-02-2020
Tianjin,81,1,2,39.1235635,117.1980785,07-02-2020
Tianjin,88,1,4,39.1235635,117.1980785,08-02-2020
Tianjin,91,1,4,39.1235635,117.1980785,09-02-2020
Tianjin,95,1,8,39.1235635,117.1980785,10-02-2020
Tianjin,106,2,10,39.1235635,117.1980785,11-02-2020
Tianjin,112,2,11,39.1235635,117.1980785,12-02-2020
Tianjin,119,3,21,39.1235635,117.1980785,13-02-2020
Tianjin,120,3,31,39.1235635,117.1980785,14-02-2020
Tianjin,122,3,37,39.1235635,117.1980785,15-02-2020
Tianjin,124,3,45,39.1235635,117.1980785,16-02-2020
Tianjin,125,3,46,39.1235635,117.1980785,17-02-2020
Tianjin,128,3,48,39.1235635,117.1980785,18-02-2020
Tianjin,130,3,54,39.1235635,117.1980785,19-02-2020
Tianjin,131,3,59,39.1235635,117.1980785,20-02-2020
Tianjin,132,3,62,39.1235635,117.1980785,21-02-2020
Tianjin,135,3,65,39.1235635,117.1980785,22-02-2020
Tianjin,135,3,81,39.1235635,117.1980785,23-02-2020
Tianjin,135,3,87,39.1235635,117.1980785,24-02-2020
Tianjin,135,3,91,39.1235635,117.1980785,25-02-2020
Tianjin,135,3,96,39.1235635,117.1980785,26-02-2020
Tianjin,136,3,102,39.1235635,117.1980785,27-02-2020
Tianjin,136,3,102,39.1235635,117.1980785,28-02-2020
Tianjin,136,3,109,39.1235635,117.1980785,29-02-2020
Tianjin,136,3,111,39.1235635,117.1980785,01-03-2020
Tianjin,136,3,111,39.1235635,117.1980785,02-03-2020
Tianjin,136,3,124,39.1235635,117.1980785,03-03-2020
Tianjin,136,3,124,39.1235635,117.1980785,04-03-2020
Tianjin,136,3,128,39.1235635,117.1980785,05-03-2020
Tianjin,136,3,128,39.1235635,117.1980785,06-03-2020
Tianjin,136,3,128,39.1235635,117.1980785,07-03-2020
Tianjin,136,3,128,39.1235635,117.1980785,08-03-2020
Tianjin,136,3,130,39.1235635,117.1980785,09-03-2020
Tianjin,136,3,131,39.1235635,117.1980785,10-03-2020
Tianjin,136,3,131,39.1235635,117.1980785,11-03-2020
Tianjin,136,3,132,39.1235635,117.1980785,12-03-2020
Tianjin,136,3,132,39.1235635,117.1980785,13-03-2020
Tianjin,136,3,132,39.1235635,117.1980785,14-03-2020
Tianjin,136,3,133,39.1235635,117.1980785,15-03-2020
Tibet,1,0,0,31.89434315,87.07813713,30-01-2020
Tibet,1,0,0,31.89434315,87.07813713,31-01-2020
Tibet,1,0,0,31.89434315,87.07813713,01-02-2020
Tibet,1,0,0,31.89434315,87.07813713,02-02-2020
Tibet,1,0,0,31.89434315,87.07813713,03-02-2020
Tibet,1,0,0,31.89434315,87.07813713,04-02-2020
Tibet,1,0,0,31.89434315,87.07813713,05-02-2020
Tibet,1,0,0,31.89434315,87.07813713,06-02-2020
Tibet,1,0,0,31.89434315,87.07813713,07-02-2020
Tibet,1,0,0,31.89434315,87.07813713,08-02-2020
Tibet,1,0,0,31.89434315,87.07813713,09-02-2020
Tibet,1,0,0,31.89434315,87.07813713,10-02-2020
Tibet,1,0,0,31.89434315,87.07813713,11-02-2020
Tibet,1,0,1,31.89434315,87.07813713,12-02-2020
Tibet,1,0,1,31.89434315,87.07813713,13-02-2020
Tibet,1,0,1,31.89434315,87.07813713,14-02-2020
Tibet,1,0,1,31.89434315,87.07813713,15-02-2020
Tibet,1,0,1,31.89434315,87.07813713,16-02-2020
Tibet,1,0,1,31.89434315,87.07813713,17-02-2020
Tibet,1,0,1,31.89434315,87.07813713,18-02-2020
Tibet,1,0,1,31.89434315,87.07813713,19-02-2020
Tibet,1,0,1,31.89434315,87.07813713,20-02-2020
Tibet,1,0,1,31.89434315,87.07813713,21-02-2020
Tibet,1,0,1,31.89434315,87.07813713,22-02-2020
Tibet,1,0,1,31.89434315,87.07813713,23-02-2020
Tibet,1,0,1,31.89434315,87.07813713,24-02-2020
Tibet,1,0,1,31.89434315,87.07813713,25-02-2020
Tibet,1,0,1,31.89434315,87.07813713,26-02-2020
Tibet,1,0,1,31.89434315,87.07813713,27-02-2020
Tibet,1,0,1,31.89434315,87.07813713,28-02-2020
Tibet,1,0,1,31.89434315,87.07813713,29-02-2020
Tibet,1,0,1,31.89434315,87.07813713,01-03-2020
Tibet,1,0,1,31.89434315,87.07813713,02-03-2020
Tibet,1,0,1,31.89434315,87.07813713,03-03-2020
Tibet,1,0,1,31.89434315,87.07813713,04-03-2020
Tibet,1,0,1,31.89434315,87.07813713,05-03-2020
Tibet,1,0,1,31.89434315,87.07813713,06-03-2020
Tibet,1,0,1,31.89434315,87.07813713,07-03-2020
Tibet,1,0,1,31.89434315,87.07813713,08-03-2020
Tibet,1,0,1,31.89434315,87.07813713,09-03-2020
Tibet,1,0,1,31.89434315,87.07813713,10-03-2020
Tibet,1,0,1,31.89434315,87.07813713,11-03-2020
Tibet,1,0,1,31.89434315,87.07813713,12-03-2020
Tibet,1,0,1,31.89434315,87.07813713,13-03-2020
Tibet,1,0,1,31.89434315,87.07813713,14-03-2020
Tibet,1,0,1,31.89434315,87.07813713,15-03-2020
Xinjiang,0,0,0,41.7574769,87.16738423,22-01-2020
Xinjiang,2,0,0,41.7574769,87.16738423,23-01-2020
Xinjiang,2,0,0,41.7574769,87.16738423,24-01-2020
Xinjiang,3,0,0,41.7574769,87.16738423,25-01-2020
Xinjiang,4,0,0,41.7574769,87.16738423,26-01-2020
Xinjiang,5,0,0,41.7574769,87.16738423,27-01-2020
Xinjiang,10,0,0,41.7574769,87.16738423,28-01-2020
Xinjiang,13,0,0,41.7574769,87.16738423,29-01-2020
Xinjiang,14,0,0,41.7574769,87.16738423,30-01-2020
Xinjiang,17,0,0,41.7574769,87.16738423,31-01-2020
Xinjiang,18,0,0,41.7574769,87.16738423,01-02-2020
Xinjiang,21,0,0,41.7574769,87.16738423,02-02-2020
Xinjiang,24,0,0,41.7574769,87.16738423,03-02-2020
Xinjiang,29,0,0,41.7574769,87.16738423,04-02-2020
Xinjiang,32,0,0,41.7574769,87.16738423,05-02-2020
Xinjiang,36,0,0,41.7574769,87.16738423,06-02-2020
Xinjiang,39,0,0,41.7574769,87.16738423,07-02-2020
Xinjiang,42,0,0,41.7574769,87.16738423,08-02-2020
Xinjiang,45,0,0,41.7574769,87.16738423,09-02-2020
Xinjiang,49,0,0,41.7574769,87.16738423,10-02-2020
Xinjiang,55,0,3,41.7574769,87.16738423,11-02-2020
Xinjiang,59,0,3,41.7574769,87.16738423,12-02-2020
Xinjiang,63,1,6,41.7574769,87.16738423,13-02-2020
Xinjiang,65,1,6,41.7574769,87.16738423,14-02-2020
Xinjiang,70,1,10,41.7574769,87.16738423,15-02-2020
Xinjiang,71,1,12,41.7574769,87.16738423,16-02-2020
Xinjiang,75,1,12,41.7574769,87.16738423,17-02-2020
Xinjiang,76,1,12,41.7574769,87.16738423,18-02-2020
Xinjiang,76,1,20,41.7574769,87.16738423,19-02-2020
Xinjiang,76,1,22,41.7574769,87.16738423,20-02-2020
Xinjiang,76,1,24,41.7574769,87.16738423,21-02-2020
Xinjiang,76,2,25,41.7574769,87.16738423,22-02-2020
Xinjiang,76,2,28,41.7574769,87.16738423,23-02-2020
Xinjiang,76,2,30,41.7574769,87.16738423,24-02-2020
Xinjiang,76,2,30,41.7574769,87.16738423,25-02-2020
Xinjiang,76,2,34,41.7574769,87.16738423,26-02-2020
Xinjiang,76,2,43,41.7574769,87.16738423,27-02-2020
Xinjiang,76,3,52,41.7574769,87.16738423,28-02-2020
Xinjiang,76,3,62,41.7574769,87.16738423,29-02-2020
Xinjiang,76,3,64,41.7574769,87.16738423,01-03-2020
Xinjiang,76,3,66,41.7574769,87.16738423,02-03-2020
Xinjiang,76,3,68,41.7574769,87.16738423,03-03-2020
Xinjiang,76,3,69,41.7574769,87.16738423,04-03-2020
Xinjiang,76,3,70,41.7574769,87.16738423,05-03-2020
Xinjiang,76,3,71,41.7574769,87.16738423,06-03-2020
Xinjiang,76,3,72,41.7574769,87.16738423,07-03-2020
Xinjiang,76,3,73,41.7574769,87.16738423,08-03-2020
Xinjiang,76,3,73,41.7574769,87.16738423,09-03-2020
Xinjiang,76,3,73,41.7574769,87.16738423,10-03-2020
Xinjiang,76,3,73,41.7574769,87.16738423,11-03-2020
Xinjiang,76,3,73,41.7574769,87.16738423,12-03-2020
Xinjiang,76,3,73,41.7574769,87.16738423,13-03-2020
Xinjiang,76,3,73,41.7574769,87.16738423,14-03-2020
Xinjiang,76,3,73,41.7574769,87.16738423,15-03-2020
Yunnan,1,0,0,25,102,22-01-2020
Yunnan,2,0,0,25,102,23-01-2020
Yunnan,5,0,0,25,102,24-01-2020
Yunnan,11,0,0,25,102,25-01-2020
Yunnan,16,0,0,25,102,26-01-2020
Yunnan,26,0,0,25,102,27-01-2020
Yunnan,44,0,0,25,102,28-01-2020
Yunnan,55,0,0,25,102,29-01-2020
Yunnan,70,0,0,25,102,30-01-2020
Yunnan,83,0,1,25,102,31-01-2020
Yunnan,93,0,2,25,102,01-02-2020
Yunnan,105,0,3,25,102,02-02-2020
Yunnan,117,0,5,25,102,03-02-2020
Yunnan,122,0,5,25,102,04-02-2020
Yunnan,128,0,5,25,102,05-02-2020
Yunnan,133,0,7,25,102,06-02-2020
Yunnan,138,0,12,25,102,07-02-2020
Yunnan,138,0,17,25,102,08-02-2020
Yunnan,141,0,18,25,102,09-02-2020
Yunnan,149,0,19,25,102,10-02-2020
Yunnan,153,0,20,25,102,11-02-2020
Yunnan,154,0,26,25,102,12-02-2020
Yunnan,156,0,27,25,102,13-02-2020
Yunnan,162,0,36,25,102,14-02-2020
Yunnan,168,0,42,25,102,15-02-2020
Yunnan,171,0,42,25,102,16-02-2020
Yunnan,171,0,47,25,102,17-02-2020
Yunnan,172,0,57,25,102,18-02-2020
Yunnan,172,1,60,25,102,19-02-2020
Yunnan,174,2,79,25,102,20-02-2020
Yunnan,174,2,96,25,102,21-02-2020
Yunnan,174,2,107,25,102,22-02-2020
Yunnan,174,2,115,25,102,23-02-2020
Yunnan,174,2,124,25,102,24-02-2020
Yunnan,174,2,129,25,102,25-02-2020
Yunnan,174,2,144,25,102,26-02-2020
Yunnan,174,2,150,25,102,27-02-2020
Yunnan,174,2,156,25,102,28-02-2020
Yunnan,174,2,157,25,102,29-02-2020
Yunnan,174,2,163,25,102,01-03-2020
Yunnan,174,2,168,25,102,02-03-2020
Yunnan,174,2,169,25,102,03-03-2020
Yunnan,174,2,169,25,102,04-03-2020
Yunnan,174,2,169,25,102,05-03-2020
Yunnan,174,2,170,25,102,06-03-2020
Yunnan,174,2,170,25,102,07-03-2020
Yunnan,174,2,170,25,102,08-03-2020
Yunnan,174,2,170,25,102,09-03-2020
Yunnan,174,2,170,25,102,10-03-2020
Yunnan,174,2,170,25,102,11-03-2020
Yunnan,174,2,170,25,102,12-03-2020
Yunnan,174,2,170,25,102,13-03-2020
Yunnan,174,2,172,25,102,14-03-2020
Yunnan,174,2,172,25,102,15-03-2020
Zhejiang,10,0,0,29.0000001,119.9999999,22-01-2020
Zhejiang,27,0,0,29.0000001,119.9999999,23-01-2020
Zhejiang,43,0,1,29.0000001,119.9999999,24-01-2020
Zhejiang,62,0,1,29.0000001,119.9999999,25-01-2020
Zhejiang,104,0,1,29.0000001,119.9999999,26-01-2020
Zhejiang,128,0,1,29.0000001,119.9999999,27-01-2020
Zhejiang,173,0,3,29.0000001,119.9999999,28-01-2020
Zhejiang,296,0,3,29.0000001,119.9999999,29-01-2020
Zhejiang,428,0,4,29.0000001,119.9999999,30-01-2020
Zhejiang,538,0,14,29.0000001,119.9999999,31-01-2020
Zhejiang,599,0,21,29.0000001,119.9999999,01-02-2020
Zhejiang,661,0,32,29.0000001,119.9999999,02-02-2020
Zhejiang,724,0,43,29.0000001,119.9999999,03-02-2020
Zhejiang,829,0,62,29.0000001,119.9999999,04-02-2020
Zhejiang,895,0,78,29.0000001,119.9999999,05-02-2020
Zhejiang,954,0,94,29.0000001,119.9999999,06-02-2020
Zhejiang,1006,0,123,29.0000001,119.9999999,07-02-2020
Zhejiang,1048,0,175,29.0000001,119.9999999,08-02-2020
Zhejiang,1075,0,201,29.0000001,119.9999999,09-02-2020
Zhejiang,1092,0,242,29.0000001,119.9999999,10-02-2020
Zhejiang,1117,0,270,29.0000001,119.9999999,11-02-2020
Zhejiang,1131,0,321,29.0000001,119.9999999,12-02-2020
Zhejiang,1145,0,360,29.0000001,119.9999999,13-02-2020
Zhejiang,1155,0,403,29.0000001,119.9999999,14-02-2020
Zhejiang,1162,0,428,29.0000001,119.9999999,15-02-2020
Zhejiang,1167,0,456,29.0000001,119.9999999,16-02-2020
Zhejiang,1171,0,507,29.0000001,119.9999999,17-02-2020
Zhejiang,1172,0,535,29.0000001,119.9999999,18-02-2020
Zhejiang,1174,0,604,29.0000001,119.9999999,19-02-2020
Zhejiang,1175,1,633,29.0000001,119.9999999,20-02-2020
Zhejiang,1203,1,679,29.0000001,119.9999999,21-02-2020
Zhejiang,1205,1,719,29.0000001,119.9999999,22-02-2020
Zhejiang,1205,1,760,29.0000001,119.9999999,23-02-2020
Zhejiang,1205,1,782,29.0000001,119.9999999,24-02-2020
Zhejiang,1205,1,808,29.0000001,119.9999999,25-02-2020
Zhejiang,1205,1,867,29.0000001,119.9999999,26-02-2020
Zhejiang,1205,1,932,29.0000001,119.9999999,27-02-2020
Zhejiang,1205,1,975,29.0000001,119.9999999,28-02-2020
Zhejiang,1205,1,1016,29.0000001,119.9999999,29-02-2020
Zhejiang,1205,1,1046,29.0000001,119.9999999,01-03-2020
Zhejiang,1206,1,1069,29.0000001,119.9999999,02-03-2020
Zhejiang,1213,1,1093,29.0000001,119.9999999,03-03-2020
Zhejiang,1213,1,1114,29.0000001,119.9999999,04-03-2020
Zhejiang,1215,1,1124,29.0000001,119.9999999,05-03-2020
Zhejiang,1215,1,1147,29.0000001,119.9999999,06-03-2020
Zhejiang,1215,1,1154,29.0000001,119.9999999,07-03-2020
Zhejiang,1215,1,1161,29.0000001,119.9999999,08-03-2020
Zhejiang,1215,1,1176,29.0000001,119.9999999,09-03-2020
Zhejiang,1215,1,1191,29.0000001,119.9999999,10-03-2020
Zhejiang,1215,1,1195,29.0000001,119.9999999,11-03-2020
Zhejiang,1215,1,1197,29.0000001,119.9999999,12-03-2020
Zhejiang,1215,1,1197,29.0000001,119.9999999,13-03-2020
Zhejiang,1227,1,1211,29.0000001,119.9999999,14-03-2020
Zhejiang,1231,1,1211,29.0000001,119.9999999,15-03-2020
